Province/State,lat,lng,Country/Region,Last Update,Confirmed,Deaths,Recovered
Anhui,30.6006773,117.9249002,China,0,1,0,0
Beijing,39.9041999,116.4073963,China,0,14,0,0
Chongqing,29.4315861,106.912251,China,0,6,0,0
Fujian,26.4836842,117.9249002,China,0,1,0,0
Gansu,35.7518326,104.2861116,China,0,0,0,0
Guangdong,23.3790333,113.7632828,China,0,26,0,0
Guangxi,23.7247599,108.8076195,China,0,2,0,0
Guizhou,26.8429645,107.2902839,China,0,1,0,0
Hainan,19.5663947,109.949686,China,0,4,0,0
Hebei,37.8956594,114.9042208,China,0,1,0,0
Heilongjiang,47.1216472,128.738231,China,0,0,0,0
Henan,34.2904302,113.3823545,China,0,5,0,0
Hong Kong,22.3193039,114.1693611,Hong Kong,0,0,0,0
Hubei,30.7378118,112.2384017,China,0,444,17,28
Hunan,27.6252995,111.8568586,China,0,4,0,0
Inner Mongolia,43.37822,115.0594815,China,0,0,0,0
Jiangsu,33.1401715,119.7889248,China,0,1,0,0
Jiangxi,27.0874564,114.9042208,China,0,2,0,0
Jilin,43.837883,126.549572,China,0,0,0,0
Liaoning,41.9436543,122.5290376,China,0,2,0,0
Macau,22.198745,113.543873,Macau,0,1,0,0
Ningxia,37.198731,106.1580937,China,0,1,0,0
Qinghai,35.744798,96.4077358,China,0,0,0,0
Shaanxi,35.3939908,109.1880047,China,0,0,0,0
Shandong,35.8939566,117.9249002,China,0,2,0,0
Shanghai,31.230416,121.473701,China,0,9,0,0
Shanxi,37.2425649,111.8568586,China,0,1,0,0
Sichuan,30.2638032,102.8054753,China,0,5,0,0
New Taipei City,25.0169826,121.4627868,Taiwan,0,1,0,0
Tianjin,39.3433574,117.3616476,China,0,4,0,0
Tibet,30.1533605,88.7878678,China,0,0,0,0
Washington,47.7510741,-120.7401385,US,0,1,0,0
Xinjiang,42.5246357,87.5395855,China,0,0,0,0
Yunnan,24.4752847,101.3431058,China,0,1,0,0
Zhejiang,29.1416432,119.7889248,China,0,10,0,0
Tokyo,35.6803997,139.7690174,Japan,0,2,0,0
Bangkok,13.7563309,100.5017651,Thailand,0,2,0,0
Seoul,37.566535,126.9779692,South Korea,0,1,0,0
Beijing,39.9041999,116.4073963,China,1,22,0,0
Chongqing,29.4315861,106.912251,China,1,9,0,0
Fujian,26.4836842,117.9249002,China,1,5,0,0
Gansu,35.7518326,104.2861116,China,1,2,0,0
Guangdong,23.3790333,113.7632828,China,1,32,0,2
Guangxi,23.7247599,108.8076195,China,1,5,0,0
Guizhou,26.8429645,107.2902839,China,1,3,0,0
Hainan,19.5663947,109.949686,China,1,5,0,0
Hebei,37.8956594,114.9042208,China,1,1,1,0
Heilongjiang,47.1216472,128.738231,China,1,2,0,0
Henan,34.2904302,113.3823545,China,1,5,0,0
Hong Kong,22.3193039,114.1693611,Hong Kong,1,2,0,0
Hubei,30.7378118,112.2384017,China,1,444,17,28
Hunan,27.6252995,111.8568586,China,1,9,0,0
Inner Mongolia,43.37822,115.0594815,China,1,0,0,0
Jiangsu,33.1401715,119.7889248,China,1,5,0,0
Jiangxi,27.0874564,114.9042208,China,1,7,0,0
Jilin,43.837883,126.549572,China,1,1,0,0
Liaoning,41.9436543,122.5290376,China,1,3,0,0
Macau,22.198745,113.543873,Macau,1,2,0,0
Ningxia,37.198731,106.1580937,China,1,1,0,0
Qinghai,35.744798,96.4077358,China,1,0,0,0
Shaanxi,35.3939908,109.1880047,China,1,3,0,0
Shandong,35.8939566,117.9249002,China,1,6,0,0
Shanghai,31.230416,121.473701,China,1,16,0,0
Shanxi,37.2425649,111.8568586,China,1,1,0,0
Sichuan,30.2638032,102.8054753,China,1,8,0,0
Taiwan,23.69781,120.960515,Taiwan,1,1,0,0
Tianjin,39.3433574,117.3616476,China,1,4,0,0
Tibet,30.1533605,88.7878678,China,1,0,0,0
Washington,47.7510741,-120.7401385,US,1,1,0,0
Xinjiang,42.5246357,87.5395855,China,1,2,0,0
Yunnan,24.4752847,101.3431058,China,1,2,0,0
Zhejiang,29.1416432,119.7889248,China,1,27,0,0
Tokyo,35.6803997,139.7690174,Japan,1,1,0,0
Bangkok,13.7563309,100.5017651,Thailand,1,3,0,0
Seoul,37.566535,126.9779692,South Korea,1,1,0,0
Singapore,1.352083,103.819836,Singapore,1,1,0,0
Quezon City,14.6760413,121.0437003,Philippines,1,0,0,0
Kuala Lumpur,3.139003,101.686855,Malaysia,1,0,0,0
Ho Chi Minh City,10.8230989,106.6296638,Vietnam,1,2,0,0
Sydney,-33.8688197,151.2092955,Australia,1,0,0,0
Mexico City,19.4326077,-99.133208,Mexico,1,0,0,0
São Paulo,-23.5505199,-46.6333094,Brazil,1,0,0,0
Bogotá,4.7109886,-74.072092,Colombia,1,0,0,0
Guangdong,23.3790333,113.7632828,China,2,53,0,2
Zhejiang,29.1416432,119.7889248,China,2,43,0,1
Beijing,39.9041999,116.4073963,China,2,36,0,1
Chongqing,29.4315861,106.912251,China,2,27,0,0
Hunan,27.6252995,111.8568586,China,2,24,0,0
Guangxi,23.7247599,108.8076195,China,2,23,0,0
Shanghai,31.230416,121.473701,China,2,20,0,1
Jiangxi,27.0874564,114.9042208,China,2,18,0,0
Sichuan,30.2638032,102.8054753,China,2,15,0,0
Shandong,35.8939566,117.9249002,China,2,15,0,0
Anhui,30.6006773,117.9249002,China,2,15,0,0
Fujian,26.4836842,117.9249002,China,2,10,0,0
Henan,34.2904302,113.3823545,China,2,9,0,0
Jiangsu,33.1401715,119.7889248,China,2,9,0,0
Hainan,19.5663947,109.949686,China,2,8,0,0
Tianjin,39.3433574,117.3616476,China,2,8,0,0
Yunnan,24.4752847,101.3431058,China,2,5,0,0
Shaanxi,35.3939908,109.1880047,China,2,5,0,0
Heilongjiang,47.1216472,128.738231,China,2,4,1,0
Liaoning,41.9436543,122.5290376,China,2,4,0,0
Guizhou,26.8429645,107.2902839,China,2,3,0,0
Jilin,43.837883,126.549572,China,2,3,0,0
New Taipei City,25.0169826,121.4627868,Taiwan,2,3,0,0
Ningxia,37.198731,106.1580937,China,2,2,0,0
Hong Kong,22.3193039,114.1693611,Hong Kong,2,2,0,0
Macau,22.198745,113.543873,Macau,2,2,0,0
Hebei,37.8956594,114.9042208,China,2,2,1,0
Gansu,35.7518326,104.2861116,China,2,2,0,0
Xinjiang,42.5246357,87.5395855,China,2,2,0,0
Shanxi,37.2425649,111.8568586,China,2,1,0,0
Inner Mongolia,43.37822,115.0594815,China,2,1,0,0
Qinghai,35.744798,96.4077358,China,2,0,0,0
Washington,47.7510741,-120.7401385,US,2,1,0,0
Chicago,41.8781136,-87.6297982,US,2,1,0,0
Tokyo,35.6803997,139.7690174,Japan,2,2,0,0
Bangkok,13.7563309,100.5017651,Thailand,2,5,0,0
Seoul,37.566535,126.9779692,South Korea,2,2,0,0
Singapore,1.352083,103.819836,Singapore,2,3,0,0
Ho Chi Minh City,10.8230989,106.6296638,Vietnam,2,2,0,0
Paris,48.856614,2.3522219,France,2,2,0,0
Guangdong,23.3790333,113.7632828,China,3,78,0,2
Zhejiang,29.1416432,119.7889248,China,3,62,0,1
Chongqing,29.4315861,106.912251,China,3,57,0,0
Hunan,27.6252995,111.8568586,China,3,43,0,0
Beijing,39.9041999,116.4073963,China,3,41,0,2
Anhui,30.6006773,117.9249002,China,3,39,0,0
Shanghai,31.230416,121.473701,China,3,33,0,1
Henan,34.2904302,113.3823545,China,3,32,0,0
Sichuan,30.2638032,102.8054753,China,3,28,0,0
Shandong,35.8939566,117.9249002,China,3,27,0,0
Guangxi,23.7247599,108.8076195,China,3,23,0,0
Hainan,19.5663947,109.949686,China,3,19,0,0
Jiangxi,27.0874564,114.9042208,China,3,18,0,0
Fujian,26.4836842,117.9249002,China,3,18,0,0
Jiangsu,33.1401715,119.7889248,China,3,18,0,1
Liaoning,41.9436543,122.5290376,China,3,17,0,0
Shaanxi,35.3939908,109.1880047,China,3,15,0,0
Yunnan,24.4752847,101.3431058,China,3,11,0,0
Tianjin,39.3433574,117.3616476,China,3,10,0,0
Heilongjiang,47.1216472,128.738231,China,3,9,1,0
Hebei,37.8956594,114.9042208,China,3,8,1,0
Inner Mongolia,43.37822,115.0594815,China,3,7,0,0
Shanxi,37.2425649,111.8568586,China,3,6,0,0
Hong Kong,22.3193039,114.1693611,Hong Kong,3,5,0,0
Guizhou,26.8429645,107.2902839,China,3,4,0,0
Jilin,43.837883,126.549572,China,3,4,0,0
Gansu,35.7518326,104.2861116,China,3,4,0,0
Ningxia,37.198731,106.1580937,China,3,3,0,0
Taiwan,23.69781,120.960515,Taiwan,3,3,0,0
Xinjiang,42.5246357,87.5395855,China,3,3,0,0
Macau,22.198745,113.543873,Macau,3,2,0,0
Qinghai,35.744798,96.4077358,China,3,1,0,0
Washington,47.7510741,-120.7401385,US,3,1,0,0
Illinois,40.6331249,-89.3985283,US,3,1,0,0
Tokyo,35.6803997,139.7690174,Japan,3,2,0,0
Thailand,15.870032,100.992541,Thailand,3,7,0,0
Seoul,37.566535,126.9779692,South Korea,3,2,0,0
Singapore,1.352083,103.819836,Singapore,3,3,0,0
Ho Chi Minh City,10.8230989,106.6296638,Vietnam,3,2,0,0
Paris,48.856614,2.3522219,France,3,3,0,0
Sydney,-33.8688197,151.2092955,Australia,3,4,0,0
Kathmandu,27.7172453,85.3239605,Nepal,3,1,0,0
Kuala Lumpur,3.139003,101.686855,Malaysia,3,3,0,0
Guangdong,23.3790333,113.7632828,China,4,111,0,2
Zhejiang,29.1416432,119.7889248,China,4,104,0,1
Henan,34.2904302,113.3823545,China,4,83,1,0
Chongqing,29.4315861,106.912251,China,4,75,0,0
Hunan,27.6252995,111.8568586,China,4,69,0,0
Beijing,39.9041999,116.4073963,China,4,68,0,2
Anhui,30.6006773,117.9249002,China,4,60,0,0
Shandong,35.8939566,117.9249002,China,4,46,0,0
Sichuan,30.2638032,102.8054753,China,4,44,0,0
Shanghai,31.230416,121.473701,China,4,40,1,1
Guangxi,23.7247599,108.8076195,China,4,36,0,0
Jiangxi,27.0874564,114.9042208,China,4,36,0,0
Fujian,26.4836842,117.9249002,China,4,35,0,0
Jiangsu,33.1401715,119.7889248,China,4,33,0,1
Hainan,19.5663947,109.949686,China,4,22,0,0
Shaanxi,35.3939908,109.1880047,China,4,22,0,0
Liaoning,41.9436543,122.5290376,China,4,21,0,0
Yunnan,24.4752847,101.3431058,China,4,16,0,0
Heilongjiang,47.1216472,128.738231,China,4,15,1,0
Tianjin,39.3433574,117.3616476,China,4,14,0,0
Hebei,37.8956594,114.9042208,China,4,13,1,0
Shanxi,37.2425649,111.8568586,China,4,9,0,0
Hong Kong,22.3193039,114.1693611,Hong Kong,4,8,0,0
Inner Mongolia,43.37822,115.0594815,China,4,7,0,0
Gansu,35.7518326,104.2861116,China,4,7,0,0
Guizhou,26.8429645,107.2902839,China,4,5,0,0
Macau,22.198745,113.543873,Macau,4,5,0,0
Ningxia,37.198731,106.1580937,China,4,4,0,0
Jilin,43.837883,126.549572,China,4,4,0,0
Taiwan,23.69781,120.960515,Taiwan,4,4,0,0
Xinjiang,42.5246357,87.5395855,China,4,4,0,0
Qinghai,35.744798,96.4077358,China,4,1,0,0
Washington,47.7510741,-120.7401385,US,4,1,0,0
Illinois,40.6331249,-89.3985283,US,4,1,0,0
California,36.778261,-119.4179324,US,4,2,0,0
Arizona,34.0489281,-111.0937311,US,4,1,0,0
Tokyo,35.6803997,139.7690174,Japan,4,4,0,1
Bangkok,13.7563309,100.5017651,Thailand,4,8,0,2
Seoul,37.566535,126.9779692,South Korea,4,3,0,0
Singapore,1.352083,103.819836,Singapore,4,4,0,0
Ho Chi Minh City,10.8230989,106.6296638,Vietnam,4,2,0,0
Paris,48.856614,2.3522219,France,4,3,0,0
Sydney,-33.8688197,151.2092955,Australia,4,4,0,0
Kathmandu,27.7172453,85.3239605,Nepal,4,1,0,0
Kuala Lumpur,3.139003,101.686855,Malaysia,4,4,0,0
Ontario,51.253775,-85.323214,Canada,4,1,0,0
Guangdong,23.3790333,113.7632828,China,5,151,0,4
Zhejiang,29.1416432,119.7889248,China,5,128,0,1
Henan,34.2904302,113.3823545,China,5,128,1,0
Chongqing,29.4315861,106.912251,China,5,110,0,0
Hunan,27.6252995,111.8568586,China,5,100,0,0
Beijing,39.9041999,116.4073963,China,5,80,1,2
Shandong,35.8939566,117.9249002,China,5,75,0,0
Jiangxi,27.0874564,114.9042208,China,5,72,0,2
Anhui,30.6006773,117.9249002,China,5,70,0,0
Sichuan,30.2638032,102.8054753,China,5,69,0,0
Fujian,26.4836842,117.9249002,China,5,59,0,0
Shanghai,31.230416,121.473701,China,5,53,1,3
Jiangsu,33.1401715,119.7889248,China,5,47,0,1
Guangxi,23.7247599,108.8076195,China,5,46,0,0
Shaanxi,35.3939908,109.1880047,China,5,35,0,0
Hainan,19.5663947,109.949686,China,5,33,1,0
Liaoning,41.9436543,122.5290376,China,5,27,0,0
Yunnan,24.4752847,101.3431058,China,5,26,0,0
Tianjin,39.3433574,117.3616476,China,5,23,0,0
Heilongjiang,47.1216472,128.738231,China,5,21,1,0
Hebei,37.8956594,114.9042208,China,5,18,1,0
Gansu,35.7518326,104.2861116,China,5,14,0,0
Shanxi,37.2425649,111.8568586,China,5,13,0,0
Inner Mongolia,43.37822,115.0594815,China,5,11,0,0
Hong Kong,22.3193039,114.1693611,Hong Kong,5,8,0,0
Guizhou,26.8429645,107.2902839,China,5,7,0,0
Ningxia,37.198731,106.1580937,China,5,7,0,0
Jilin,43.837883,126.549572,China,5,6,0,0
Macau,22.198745,113.543873,Macau,5,6,0,0
Qinghai,35.744798,96.4077358,China,5,6,0,0
Taiwan,23.69781,120.960515,Taiwan,5,5,0,0
Xinjiang,42.5246357,87.5395855,China,5,5,0,0
Washington,47.7510741,-120.7401385,US,5,1,0,0
Illinois,40.6331249,-89.3985283,US,5,1,0,0
California,36.778261,-119.4179324,US,5,2,0,0
Arizona,34.0489281,-111.0937311,US,5,1,0,0
Tokyo,35.6803997,139.7690174,Japan,5,4,0,1
Bangkok,13.7563309,100.5017651,Thailand,5,8,0,2
Seoul,37.566535,126.9779692,South Korea,5,4,0,0
Singapore,1.352083,103.819836,Singapore,5,5,0,0
Ho Chi Minh City,10.8230989,106.6296638,Vietnam,5,2,0,0
Paris,48.856614,2.3522219,France,5,3,0,0
Kathmandu,27.7172453,85.3239605,Nepal,5,1,0,0
Kuala Lumpur,3.139003,101.686855,Malaysia,5,4,0,0
Ontario,51.253775,-85.323214,Canada,5,1,0,0
Phnom Penh,11.5563738,104.9282099,Cambodia,5,1,0,0
Colombo,6.9270786,79.861243,Sri Lanka,5,1,0,0
Abidjan,5.3599517,-4.0082563,Ivory Coast,5,1,0,0
New South Wales,-31.2532183,146.921099,Australia,5,4,0,0
Victoria,28.8052674,-97.0035982,Australia,5,1,0,0
Guangdong,23.3790333,113.7632828,China,6,207,0,4
Zhejiang,29.1416432,119.7889248,China,6,173,0,3
Henan,34.2904302,113.3823545,China,6,168,1,0
Hunan,27.6252995,111.8568586,China,6,143,0,0
Chongqing,29.4315861,106.912251,China,6,132,0,0
Jiangxi,27.0874564,114.9042208,China,6,109,0,3
Anhui,30.6006773,117.9249002,China,6,106,0,0
Shandong,35.8939566,117.9249002,China,6,95,0,0
Beijing,39.9041999,116.4073963,China,6,91,1,4
Sichuan,30.2638032,102.8054753,China,6,90,0,0
Fujian,26.4836842,117.9249002,China,6,80,0,0
Jiangsu,33.1401715,119.7889248,China,6,70,0,1
Shanghai,31.230416,121.473701,China,6,66,1,4
Guangxi,23.7247599,108.8076195,China,6,51,0,2
Shaanxi,35.3939908,109.1880047,China,6,46,0,0
Yunnan,24.4752847,101.3431058,China,6,44,0,0
Hainan,19.5663947,109.949686,China,6,40,1,0
Liaoning,41.9436543,122.5290376,China,6,34,0,0
Hebei,37.8956594,114.9042208,China,6,33,1,0
Heilongjiang,47.1216472,128.738231,China,6,33,1,0
Shanxi,37.2425649,111.8568586,China,6,27,0,0
Tianjin,39.3433574,117.3616476,China,6,24,0,0
Gansu,35.7518326,104.2861116,China,6,19,0,0
Inner Mongolia,43.37822,115.0594815,China,6,15,0,0
Ningxia,37.198731,106.1580937,China,6,11,0,0
Xinjiang,42.5246357,87.5395855,China,6,10,0,0
Guizhou,26.8429645,107.2902839,China,6,9,0,0
Jilin,43.837883,126.549572,China,6,8,0,0
Taiwan,23.69781,120.960515,Taiwan,6,8,0,0
Hong Kong,22.3193039,114.1693611,Hong Kong,6,8,0,0
Macau,22.198745,113.543873,Macau,6,7,0,0
Qinghai,35.744798,96.4077358,China,6,6,0,0
Washington,47.7510741,-120.7401385,US,6,1,0,0
Illinois,40.6331249,-89.3985283,US,6,1,0,0
California,36.778261,-119.4179324,US,6,2,0,0
Arizona,34.0489281,-111.0937311,US,6,1,0,0
Tokyo,35.6803997,139.7690174,Japan,6,7,0,1
Bangkok,13.7563309,100.5017651,Thailand,6,14,0,5
Seoul,37.566535,126.9779692,South Korea,6,4,0,0
Singapore,1.352083,103.819836,Singapore,6,7,0,0
Ho Chi Minh City,10.8230989,106.6296638,Vietnam,6,2,0,0
Paris,48.856614,2.3522219,France,6,4,0,0
Kathmandu,27.7172453,85.3239605,Nepal,6,1,0,0
Kuala Lumpur,3.139003,101.686855,Malaysia,6,4,0,0
Ontario,51.253775,-85.323214,Canada,6,1,0,0
British Columbia,53.7266683,-127.6476205,Canada,6,1,0,0
Phnom Penh,11.5563738,104.9282099,Cambodia,6,1,0,0
Colombo,6.9270786,79.861243,Sri Lanka,6,1,0,0
New South Wales,-31.2532183,146.921099,Australia,6,4,0,0
Victoria,28.8052674,-97.0035982,Australia,6,1,0,0
Bavaria,48.7904472,11.4978895,Germany,6,4,0,0
Zhejiang,29.1416432,119.7889248,China,7,296,0,3
Guangdong,23.3790333,113.7632828,China,7,277,0,5
Hunan,27.6252995,111.8568586,China,7,221,0,0
Henan,34.2904302,113.3823545,China,7,206,2,1
Anhui,30.6006773,117.9249002,China,7,152,0,2
Chongqing,29.4315861,106.912251,China,7,147,0,1
Shandong,35.8939566,117.9249002,China,7,130,0,1
Beijing,39.9041999,116.4073963,China,7,111,1,4
Jiangxi,27.0874564,114.9042208,China,7,109,0,3
Sichuan,30.2638032,102.8054753,China,7,108,1,1
Jiangsu,33.1401715,119.7889248,China,7,99,0,1
Shanghai,31.230416,121.473701,China,7,96,1,5
Fujian,26.4836842,117.9249002,China,7,84,0,0
Guangxi,23.7247599,108.8076195,China,7,58,0,2
Shaanxi,35.3939908,109.1880047,China,7,56,0,0
Yunnan,24.4752847,101.3431058,China,7,55,0,0
Hebei,37.8956594,114.9042208,China,7,48,1,0
Hainan,19.5663947,109.949686,China,7,43,1,0
Liaoning,41.9436543,122.5290376,China,7,39,0,1
Heilongjiang,47.1216472,128.738231,China,7,38,1,0
Tianjin,39.3433574,117.3616476,China,7,27,0,0
Shanxi,37.2425649,111.8568586,China,7,27,0,1
Gansu,35.7518326,104.2861116,China,7,24,0,0
Inner Mongolia,43.37822,115.0594815,China,7,16,0,0
Xinjiang,42.5246357,87.5395855,China,7,13,0,0
Ningxia,37.198731,106.1580937,China,7,12,0,0
Hong Kong,22.3193039,114.1693611,Hong Kong,7,10,0,0
Guizhou,26.8429645,107.2902839,China,7,9,0,1
Jilin,43.837883,126.549572,China,7,9,0,0
Taiwan,23.69781,120.960515,Taiwan,7,8,0,0
Macau,22.198745,113.543873,Macau,7,7,0,0
Qinghai,35.744798,96.4077358,China,7,6,0,0
Washington,47.7510741,-120.7401385,US,7,1,0,0
Illinois,40.6331249,-89.3985283,US,7,1,0,0
California,36.778261,-119.4179324,US,7,2,0,0
Arizona,34.0489281,-111.0937311,US,7,1,0,0
Tokyo,35.6803997,139.7690174,Japan,7,7,0,1
Bangkok,13.7563309,100.5017651,Thailand,7,14,0,5
Seoul,37.566535,126.9779692,South Korea,7,4,0,0
Singapore,1.352083,103.819836,Singapore,7,7,0,0
Ho Chi Minh City,10.8230989,106.6296638,Vietnam,7,2,0,0
Paris,48.856614,2.3522219,France,7,5,0,0
Kathmandu,27.7172453,85.3239605,Nepal,7,1,0,0
Kuala Lumpur,3.139003,101.686855,Malaysia,7,7,0,0
Ontario,51.253775,-85.323214,Canada,7,1,0,0
British Columbia,53.7266683,-127.6476205,Canada,7,1,0,0
Phnom Penh,11.5563738,104.9282099,Cambodia,7,1,0,0
Colombo,6.9270786,79.861243,Sri Lanka,7,1,0,0
New South Wales,-31.2532183,146.921099,Australia,7,4,0,0
Victoria,28.8052674,-97.0035982,Australia,7,1,0,0
Bavaria,48.7904472,11.4978895,Germany,7,4,0,0
Helsinki,60.1698557,24.9383791,Finland,7,1,0,0
Dubai,25.2048493,55.2707828,United Arab Emirates,7,4,0,0
Zhejiang,29.1416432,119.7889248,China,8,428,0,4
Guangdong,23.3790333,113.7632828,China,8,354,0,10
Henan,34.2904302,113.3823545,China,8,278,2,2
Hunan,27.6252995,111.8568586,China,8,277,0,2
Anhui,30.6006773,117.9249002,China,8,200,0,2
Chongqing,29.4315861,106.912251,China,8,182,0,1
Jiangxi,27.0874564,114.9042208,China,8,162,0,5
Shandong,35.8939566,117.9249002,China,8,158,0,1
Sichuan,30.2638032,102.8054753,China,8,142,1,1
Jiangsu,33.1401715,119.7889248,China,8,129,0,1
Beijing,39.9041999,116.4073963,China,8,114,1,4
Shanghai,31.230416,121.473701,China,8,112,1,5
Fujian,26.4836842,117.9249002,China,8,101,0,0
Guangxi,23.7247599,108.8076195,China,8,78,0,2
Yunnan,24.4752847,101.3431058,China,8,70,0,0
Hebei,37.8956594,114.9042208,China,8,65,1,0
Shaanxi,35.3939908,109.1880047,China,8,63,0,0
Hainan,19.5663947,109.949686,China,8,46,1,1
Heilongjiang,47.1216472,128.738231,China,8,44,2,0
Liaoning,41.9436543,122.5290376,China,8,41,0,1
Shanxi,37.2425649,111.8568586,China,8,35,0,1
Tianjin,39.3433574,117.3616476,China,8,31,0,0
Gansu,35.7518326,104.2861116,China,8,26,0,0
Inner Mongolia,43.37822,115.0594815,China,8,19,0,0
Ningxia,37.198731,106.1580937,China,8,17,0,0
Jilin,43.837883,126.549572,China,8,14,0,1
Xinjiang,42.5246357,87.5395855,China,8,14,0,0
Guizhou,26.8429645,107.2902839,China,8,12,0,1
Hong Kong,22.3193039,114.1693611,Hong Kong,8,10,0,0
Taiwan,23.69781,120.960515,Taiwan,8,9,0,0
Qinghai,35.744798,96.4077358,China,8,8,0,0
Macau,22.198745,113.543873,Macau,8,7,0,0
Tibet,30.1533605,88.7878678,China,8,1,0,0
Washington,47.7510741,-120.7401385,US,8,1,0,0
Illinois,40.6331249,-89.3985283,US,8,1,0,0
California,36.778261,-119.4179324,US,8,2,0,0
Arizona,34.0489281,-111.0937311,US,8,1,0,0
Tokyo,35.6803997,139.7690174,Japan,8,11,0,1
Bangkok,13.7563309,100.5017651,Thailand,8,14,0,5
Seoul,37.566535,126.9779692,South Korea,8,4,0,0
Singapore,1.352083,103.819836,Singapore,8,10,0,0
Ho Chi Minh City,10.8230989,106.6296638,Vietnam,8,2,0,0
Paris,48.856614,2.3522219,France,8,5,0,0
Kathmandu,27.7172453,85.3239605,Nepal,8,1,0,0
Kuala Lumpur,3.139003,101.686855,Malaysia,8,8,0,0
Ontario,51.253775,-85.323214,Canada,8,2,0,0
British Columbia,53.7266683,-127.6476205,Canada,8,1,0,0
Phnom Penh,11.5563738,104.9282099,Cambodia,8,1,0,0
Colombo,6.9270786,79.861243,Sri Lanka,8,1,0,0
New South Wales,-31.2532183,146.921099,Australia,8,4,0,2
Victoria,28.8052674,-97.0035982,Australia,8,2,0,0
Queensland,-20.9175738,142.7027956,Australia,8,3,0,0
Bavaria,48.7904472,11.4978895,Germany,8,4,0,0
Helsinki,60.1698557,24.9383791,Finland,8,1,0,0
Dubai,25.2048493,55.2707828,United Arab Emirates,8,4,0,0
Quezon City,14.6760413,121.0437003,Philippines,8,1,0,0
Mumbai,19.0759837,72.8776559,India,8,1,0,0
Zhejiang,29.1416432,119.7889248,China,9,538,0,14
Guangdong,23.3790333,113.7632828,China,9,436,0,11
Henan,34.2904302,113.3823545,China,9,352,2,3
Hunan,27.6252995,111.8568586,China,9,332,0,2
Jiangxi,27.0874564,114.9042208,China,9,240,0,7
Anhui,30.6006773,117.9249002,China,9,237,0,3
Chongqing,29.4315861,106.912251,China,9,211,0,1
Shandong,35.8939566,117.9249002,China,9,184,0,2
Sichuan,30.2638032,102.8054753,China,9,177,1,1
Jiangsu,33.1401715,119.7889248,China,9,168,0,5
Beijing,39.9041999,116.4073963,China,9,139,1,5
Shanghai,31.230416,121.473701,China,9,135,1,9
Fujian,26.4836842,117.9249002,China,9,120,0,0
Guangxi,23.7247599,108.8076195,China,9,87,0,2
Shaanxi,35.3939908,109.1880047,China,9,87,0,0
Yunnan,24.4752847,101.3431058,China,9,83,0,1
Hebei,37.8956594,114.9042208,China,9,82,1,0
Heilongjiang,47.1216472,128.738231,China,9,59,2,0
Hainan,19.5663947,109.949686,China,9,52,1,1
Liaoning,41.9436543,122.5290376,China,9,48,0,1
Shanxi,37.2425649,111.8568586,China,9,39,0,1
Tianjin,39.3433574,117.3616476,China,9,32,0,0
Guizhou,26.8429645,107.2902839,China,9,29,0,2
Gansu,35.7518326,104.2861116,China,9,29,0,0
Ningxia,37.198731,106.1580937,China,9,21,0,0
Inner Mongolia,43.37822,115.0594815,China,9,20,0,1
Xinjiang,42.5246357,87.5395855,China,9,17,0,0
Jilin,43.837883,126.549572,China,9,14,0,1
Hong Kong,22.3193039,114.1693611,Hong Kong,9,12,0,0
Taiwan,23.69781,120.960515,Taiwan,9,10,0,0
Qinghai,35.744798,96.4077358,China,9,8,0,0
Macau,22.198745,113.543873,Macau,9,7,0,0
Tibet,30.1533605,88.7878678,China,9,1,0,0
Bangkok,13.7563309,100.5017651,Thailand,9,19,0,5
Tokyo,35.6803997,139.7690174,Japan,9,15,0,1
Singapore,1.352083,103.819836,Singapore,9,13,0,0
Seoul,37.566535,126.9779692,South Korea,9,11,0,0
Kuala Lumpur,3.139003,101.686855,Malaysia,9,8,0,0
Paris,48.856614,2.3522219,France,9,5,0,0
Bavaria,48.7904472,11.4978895,Germany,9,5,0,0
New South Wales,-31.2532183,146.921099,Australia,9,4,0,2
Dubai,25.2048493,55.2707828,United Arab Emirates,9,4,0,0
Victoria,28.8052674,-97.0035982,Australia,9,3,0,0
Illinois,40.6331249,-89.3985283,US,9,2,0,0
California,36.778261,-119.4179324,US,9,2,0,0
Ho Chi Minh City,10.8230989,106.6296638,Vietnam,9,2,0,0
Ontario,51.253775,-85.323214,Canada,9,2,0,0
Queensland,-20.9175738,142.7027956,Australia,9,2,0,0
Rome,41.9027835,12.4963655,Italy,9,2,0,0
Manchester,53.4807593,-2.2426305,UK,9,2,0,0
Moscow,55.755826,37.6172999,Russia,9,2,0,0
Washington,47.7510741,-120.7401385,US,9,1,0,0
Arizona,34.0489281,-111.0937311,US,9,1,0,0
Kathmandu,27.7172453,85.3239605,Nepal,9,1,0,0
British Columbia,53.7266683,-127.6476205,Canada,9,1,0,0
Phnom Penh,11.5563738,104.9282099,Cambodia,9,1,0,0
Colombo,6.9270786,79.861243,Sri Lanka,9,1,0,0
Helsinki,60.1698557,24.9383791,Finland,9,1,0,0
Quezon City,14.6760413,121.0437003,Philippines,9,1,0,0
Mumbai,19.0759837,72.8776559,India,9,1,0,0
Stockholm,59.3293235,18.0685808,Sweden,9,1,0,0
Zhejiang,29.1416432,119.7889248,China,10,599,0,21
Guangdong,23.3790333,113.7632828,China,10,535,0,14
Henan,34.2904302,113.3823545,China,10,422,2,3
Hunan,27.6252995,111.8568586,China,10,389,0,8
Anhui,30.6006773,117.9249002,China,10,297,0,5
Jiangxi,27.0874564,114.9042208,China,10,286,0,9
Chongqing,29.4315861,106.912251,China,10,247,1,3
Sichuan,30.2638032,102.8054753,China,10,207,1,3
Shandong,35.8939566,117.9249002,China,10,206,0,3
Jiangsu,33.1401715,119.7889248,China,10,202,0,6
Shanghai,31.230416,121.473701,China,10,169,1,10
Beijing,39.9041999,116.4073963,China,10,168,1,9
Fujian,26.4836842,117.9249002,China,10,144,0,0
Shaanxi,35.3939908,109.1880047,China,10,101,0,0
Guangxi,23.7247599,108.8076195,China,10,100,0,2
Hebei,37.8956594,114.9042208,China,10,96,1,0
Yunnan,24.4752847,101.3431058,China,10,93,0,2
Heilongjiang,47.1216472,128.738231,China,10,80,2,2
Liaoning,41.9436543,122.5290376,China,10,64,0,1
Hainan,19.5663947,109.949686,China,10,62,1,1
Shanxi,37.2425649,111.8568586,China,10,47,0,1
Tianjin,39.3433574,117.3616476,China,10,41,0,0
Gansu,35.7518326,104.2861116,China,10,40,0,0
Guizhou,26.8429645,107.2902839,China,9,29,0,2
Ningxia,37.198731,106.1580937,China,10,26,0,0
Inner Mongolia,43.37822,115.0594815,China,10,23,0,1
Tokyo,35.6803997,139.7690174,Japan,10,20,0,1
Bangkok,13.7563309,100.5017651,Thailand,9,19,0,5
Xinjiang,42.5246357,87.5395855,China,10,18,0,0
Jilin,43.837883,126.549572,China,10,17,0,1
Singapore,1.352083,103.819836,Singapore,10,16,0,0
Hong Kong,22.3193039,114.1693611,Hong Kong,10,13,0,0
Seoul,37.566535,126.9779692,South Korea,10,12,0,0
Taiwan,23.69781,120.960515,Taiwan,9,10,0,0
Qinghai,35.744798,96.4077358,China,10,9,0,0
Kuala Lumpur,3.139003,101.686855,Malaysia,9,8,0,0
Berlin,52.5200066,13.404954,Germany,10,8,0,0
Macau,22.198745,113.543873,Macau,9,7,0,0
Paris,48.856614,2.3522219,France,10,6,0,0
Ho Chi Minh City,10.8230989,106.6296638,Vietnam,10,6,0,1
New South Wales,-31.2532183,146.921099,Australia,10,4,0,2
Victoria,28.8052674,-97.0035982,Australia,10,4,0,0
Dubai,25.2048493,55.2707828,United Arab Emirates,9,4,0,0
Queensland,-20.9175738,142.7027956,Australia,10,3,0,0
Ontario,51.253775,-85.323214,Canada,10,3,0,0
Rome,41.9027835,12.4963655,Italy,9,2,0,0
Moscow,55.755826,37.6172999,Russia,9,2,0,0
Manchester,53.4807593,-2.2426305,UK,10,2,0,0
Illinois,40.6331249,-89.3985283,US,10,2,0,0
South Australia,-30.0002315,136.2091547,Australia,10,1,0,0
Phnom Penh,11.5563738,104.9282099,Cambodia,9,1,0,0
British Columbia,53.7266683,-127.6476205,Canada,10,1,0,0
Helsinki,60.1698557,24.9383791,Finland,9,1,0,0
Mumbai,19.0759837,72.8776559,India,9,1,0,0
Tibet,30.1533605,88.7878678,China,10,1,0,0
Kathmandu,27.7172453,85.3239605,Nepal,9,1,0,0
Quezon City,14.6760413,121.0437003,Philippines,10,1,0,0
Madrid,40.4167754,-3.7037902,Spain,10,1,0,0
Colombo,6.9270786,79.861243,Sri Lanka,9,1,0,0
Stockholm,59.3293235,18.0685808,Sweden,10,1,0,0
Massachusetts,42.4072107,-71.3824374,US,10,1,0,0
California,36.778261,-119.4179324,US,10,1,0,0
California,36.778261,-119.4179324,US,10,1,0,0
California,36.778261,-119.4179324,US,10,1,0,0
Washington,47.7510741,-120.7401385,US,10,1,0,0
Arizona,34.0489281,-111.0937311,US,10,1,0,0
Zhejiang,29.1416432,119.7889248,China,11,661,0,32
Guangdong,23.3790333,113.7632828,China,11,632,0,15
Henan,34.2904302,113.3823545,China,11,493,2,10
Hunan,27.6252995,111.8568586,China,11,463,0,16
Anhui,30.6006773,117.9249002,China,11,340,0,7
Jiangxi,27.0874564,114.9042208,China,11,333,0,12
Chongqing,29.4315861,106.912251,China,11,300,2,7
Jiangsu,33.1401715,119.7889248,China,11,236,0,7
Sichuan,30.2638032,102.8054753,China,11,231,1,11
Shandong,35.8939566,117.9249002,China,11,230,0,6
Beijing,39.9041999,116.4073963,China,11,191,1,9
Shanghai,31.230416,121.473701,China,11,182,1,10
Fujian,26.4836842,117.9249002,China,11,159,0,0
Shaanxi,35.3939908,109.1880047,China,11,116,0,0
Guangxi,23.7247599,108.8076195,China,11,111,0,2
Yunnan,24.4752847,101.3431058,China,11,105,0,3
Hebei,37.8956594,114.9042208,China,11,104,1,3
Heilongjiang,47.1216472,128.738231,China,11,95,2,2
Liaoning,41.9436543,122.5290376,China,11,70,0,1
Shanxi,37.2425649,111.8568586,China,11,66,0,3
Hainan,19.5663947,109.949686,China,11,64,1,4
Gansu,35.7518326,104.2861116,China,11,51,0,3
Tianjin,39.3433574,117.3616476,China,11,48,0,1
Guizhou,26.8429645,107.2902839,China,11,38,0,2
Ningxia,37.198731,106.1580937,China,11,28,0,0
Inner Mongolia,43.37822,115.0594815,China,11,27,0,1
Jilin,43.837883,126.549572,China,11,23,0,1
Xinjiang,42.5246357,87.5395855,China,11,21,0,0
Tokyo,35.6803997,139.7690174,Japan,10,20,0,1
Bangkok,13.7563309,100.5017651,Thailand,9,19,0,5
Singapore,1.352083,103.819836,Singapore,11,18,0,0
Hong Kong,22.3193039,114.1693611,Hong Kong,11,15,0,0
Seoul,37.566535,126.9779692,South Korea,11,15,0,0
Qinghai,35.744798,96.4077358,China,11,11,0,0
Berlin,52.5200066,13.404954,Germany,11,10,0,0
Taiwan,23.69781,120.960515,Taiwan,9,10,0,0
Macau,22.198745,113.543873,Macau,11,8,0,0
Kuala Lumpur,3.139003,101.686855,Malaysia,9,8,0,0
Paris,48.856614,2.3522219,France,10,6,0,0
Ho Chi Minh City,10.8230989,106.6296638,Vietnam,10,6,0,1
Dubai,25.2048493,55.2707828,United Arab Emirates,11,5,0,0
New South Wales,-31.2532183,146.921099,Australia,10,4,0,2
Victoria,28.8052674,-97.0035982,Australia,10,4,0,0
Ontario,51.253775,-85.323214,Canada,10,3,0,0
Queensland,-20.9175738,142.7027956,Australia,11,2,0,0
South Australia,-30.0002315,136.2091547,Australia,11,2,0,0
Mumbai,19.0759837,72.8776559,India,11,2,0,0
Rome,41.9027835,12.4963655,Italy,9,2,0,0
Quezon City,14.6760413,121.0437003,Philippines,11,2,1,0
Moscow,55.755826,37.6172999,Russia,9,2,0,0
Manchester,53.4807593,-2.2426305,UK,10,2,0,0
Illinois,40.6331249,-89.3985283,US,10,2,0,0
Phnom Penh,11.5563738,104.9282099,Cambodia,9,1,0,0
British Columbia,53.7266683,-127.6476205,Canada,10,1,0,0
Helsinki,60.1698557,24.9383791,Finland,9,1,0,0
Tibet,30.1533605,88.7878678,China,10,1,0,0
Kathmandu,27.7172453,85.3239605,Nepal,9,1,0,0
Madrid,40.4167754,-3.7037902,Spain,10,1,0,0
Colombo,6.9270786,79.861243,Sri Lanka,9,1,0,0
Stockholm,59.3293235,18.0685808,Sweden,10,1,0,0
Massachusetts,42.4072107,-71.3824374,US,10,1,0,0
California,36.778261,-119.4179324,US,10,1,0,0
California,36.778261,-119.4179324,US,10,1,0,0
California,36.778261,-119.4179324,US,10,1,0,0
Washington,47.7510741,-120.7401385,US,10,1,0,0
Arizona,34.0489281,-111.0937311,US,10,1,0,0
Guangdong,23.3790333,113.7632828,China,12,725,0,21
Zhejiang,29.1416432,119.7889248,China,12,724,0,43
Henan,34.2904302,113.3823545,China,12,566,2,16
Hunan,27.6252995,111.8568586,China,12,521,0,22
Anhui,30.6006773,117.9249002,China,12,408,0,14
Jiangxi,27.0874564,114.9042208,China,12,391,0,18
Chongqing,29.4315861,106.912251,China,12,337,2,9
Jiangsu,33.1401715,119.7889248,China,12,271,0,8
Shandong,35.8939566,117.9249002,China,12,259,0,7
Sichuan,30.2638032,102.8054753,China,12,254,1,14
Beijing,39.9041999,116.4073963,China,12,212,1,12
Shanghai,31.230416,121.473701,China,12,203,1,10
Fujian,26.4836842,117.9249002,China,12,179,0,1
Shaanxi,35.3939908,109.1880047,China,12,128,0,0
Guangxi,23.7247599,108.8076195,China,12,127,0,7
Heilongjiang,47.1216472,128.738231,China,12,121,2,2
Yunnan,24.4752847,101.3431058,China,12,117,0,5
Hebei,37.8956594,114.9042208,China,12,113,1,3
Liaoning,41.9436543,122.5290376,China,12,74,0,1
Shanxi,37.2425649,111.8568586,China,12,74,0,2
Hainan,19.5663947,109.949686,China,12,72,1,4
Tianjin,39.3433574,117.3616476,China,12,60,0,1
Gansu,35.7518326,104.2861116,China,12,55,0,3
Guizhou,26.8429645,107.2902839,China,12,46,0,2
Inner Mongolia,43.37822,115.0594815,China,12,34,0,1
Jilin,43.837883,126.549572,China,12,31,0,1
Ningxia,37.198731,106.1580937,China,12,31,0,1
Xinjiang,42.5246357,87.5395855,China,12,24,0,0
Tokyo,35.6803997,139.7690174,Japan,10,20,0,1
Bangkok,13.7563309,100.5017651,Thailand,9,19,0,5
Singapore,1.352083,103.819836,Singapore,11,18,0,0
Hong Kong,22.3193039,114.1693611,Hong Kong,11,15,0,0
Seoul,37.566535,126.9779692,South Korea,11,15,0,0
Qinghai,35.744798,96.4077358,China,12,13,0,0
Berlin,52.5200066,13.404954,Germany,12,12,0,0
Taiwan,23.69781,120.960515,Taiwan,9,10,0,0
Macau,22.198745,113.543873,Macau,11,8,0,0
Kuala Lumpur,3.139003,101.686855,Malaysia,9,8,0,0
Ho Chi Minh City,10.8230989,106.6296638,Vietnam,12,8,0,1
Paris,48.856614,2.3522219,France,10,6,0,0
Dubai,25.2048493,55.2707828,United Arab Emirates,11,5,0,0
New South Wales,-31.2532183,146.921099,Australia,10,4,0,2
Victoria,28.8052674,-97.0035982,Australia,10,4,0,0
Ontario,51.253775,-85.323214,Canada,10,3,0,0
Mumbai,19.0759837,72.8776559,India,12,3,0,0
Queensland,-20.9175738,142.7027956,Australia,11,2,0,0
South Australia,-30.0002315,136.2091547,Australia,11,2,0,0
Rome,41.9027835,12.4963655,Italy,9,2,0,0
Quezon City,14.6760413,121.0437003,Philippines,11,2,1,0
Moscow,55.755826,37.6172999,Russia,9,2,0,0
Manchester,53.4807593,-2.2426305,UK,10,2,0,0
Illinois,40.6331249,-89.3985283,US,10,2,0,0
California,36.778261,-119.4179324,US,12,2,0,0
California,36.778261,-119.4179324,US,12,2,0,0
Phnom Penh,11.5563738,104.9282099,Cambodia,9,1,0,0
British Columbia,53.7266683,-127.6476205,Canada,10,1,0,0
Helsinki,60.1698557,24.9383791,Finland,9,1,0,0
Tibet,30.1533605,88.7878678,China,10,1,0,0
Kathmandu,27.7172453,85.3239605,Nepal,9,1,0,0
Madrid,40.4167754,-3.7037902,Spain,10,1,0,0
Colombo,6.9270786,79.861243,Sri Lanka,9,1,0,0
Stockholm,59.3293235,18.0685808,Sweden,10,1,0,0
Massachusetts,42.4072107,-71.3824374,US,10,1,0,0
California,36.778261,-119.4179324,US,10,1,0,0
California,36.778261,-119.4179324,US,10,1,0,0
Washington,47.7510741,-120.7401385,US,10,1,0,0
Arizona,34.0489281,-111.0937311,US,10,1,0,0
Zhejiang,29.1416432,119.7889248,China,13,829,0,62
Guangdong,23.3790333,113.7632828,China,13,813,0,30
Henan,34.2904302,113.3823545,China,13,675,2,27
Hunan,27.6252995,111.8568586,China,13,593,0,31
Anhui,30.6006773,117.9249002,China,13,480,0,20
Jiangxi,27.0874564,114.9042208,China,13,476,0,20
Chongqing,29.4315861,106.912251,China,13,366,2,9
Jiangsu,33.1401715,119.7889248,China,13,308,0,12
Sichuan,30.2638032,102.8054753,China,13,282,1,14
Shandong,35.8939566,117.9249002,China,13,275,0,11
Beijing,39.9041999,116.4073963,China,13,228,1,23
Shanghai,31.230416,121.473701,China,13,219,1,12
Fujian,26.4836842,117.9249002,China,13,194,0,3
Heilongjiang,47.1216472,128.738231,China,13,155,2,4
Shaanxi,35.3939908,109.1880047,China,13,142,0,2
Guangxi,23.7247599,108.8076195,China,13,139,0,10
Hebei,37.8956594,114.9042208,China,13,126,1,4
Yunnan,24.4752847,101.3431058,China,13,122,0,5
Liaoning,41.9436543,122.5290376,China,13,81,0,2
Shanxi,37.2425649,111.8568586,China,13,81,0,4
Hainan,19.5663947,109.949686,China,13,80,1,5
Tianjin,39.3433574,117.3616476,China,13,67,0,2
Guizhou,26.8429645,107.2902839,China,13,58,0,2
Gansu,35.7518326,104.2861116,China,13,57,0,4
Jilin,43.837883,126.549572,China,13,42,0,1
Inner Mongolia,43.37822,115.0594815,China,13,35,0,1
Ningxia,37.198731,106.1580937,China,13,34,0,1
Xinjiang,42.5246357,87.5395855,China,13,29,0,0
Bangkok,13.7563309,100.5017651,Thailand,13,25,0,5
Singapore,1.352083,103.819836,Singapore,13,24,0,0
Tokyo,35.6803997,139.7690174,Japan,13,22,0,1
Hong Kong,22.3193039,114.1693611,Hong Kong,13,17,1,0
Seoul,37.566535,126.9779692,South Korea,13,16,0,0
Qinghai,35.744798,96.4077358,China,13,15,0,0
Berlin,52.5200066,13.404954,Germany,12,12,0,0
Taiwan,23.69781,120.960515,Taiwan,13,11,0,0
Macau,22.198745,113.543873,Macau,13,10,0,0
Kuala Lumpur,3.139003,101.686855,Malaysia,13,10,0,0
Ho Chi Minh City,10.8230989,106.6296638,Vietnam,12,8,0,1
Paris,48.856614,2.3522219,France,10,6,0,0
Dubai,25.2048493,55.2707828,United Arab Emirates,11,5,0,0
New South Wales,-31.2532183,146.921099,Australia,10,4,0,2
Victoria,28.8052674,-97.0035982,Australia,10,4,0,0
Queensland,-20.9175738,142.7027956,Australia,13,3,0,0
Mumbai,19.0759837,72.8776559,India,12,3,0,0
South Australia,-30.0002315,136.2091547,Australia,11,2,0,0
Ontario,51.253775,-85.323214,Canada,13,2,0,0
Rome,41.9027835,12.4963655,Italy,9,2,0,0
Quezon City,14.6760413,121.0437003,Philippines,11,2,1,0
Moscow,55.755826,37.6172999,Russia,9,2,0,0
Manchester,53.4807593,-2.2426305,UK,10,2,0,0
Illinois,40.6331249,-89.3985283,US,10,2,0,0
California,36.778261,-119.4179324,US,12,2,0,0
California,36.778261,-119.4179324,US,12,2,0,0
Brussels,50.8503463,4.3517211,Belgium,13,1,0,0
Phnom Penh,11.5563738,104.9282099,Cambodia,9,1,0,0
British Columbia,53.7266683,-127.6476205,Canada,10,1,0,0
Ontario,51.253775,-85.323214,Canada,13,1,0,0
Helsinki,60.1698557,24.9383791,Finland,9,1,0,0
Tibet,30.1533605,88.7878678,China,10,1,0,0
Kathmandu,27.7172453,85.3239605,Nepal,9,1,0,0
Madrid,40.4167754,-3.7037902,Spain,10,1,0,0
Colombo,6.9270786,79.861243,Sri Lanka,9,1,0,0
Stockholm,59.3293235,18.0685808,Sweden,10,1,0,0
Massachusetts,42.4072107,-71.3824374,US,10,1,0,0
California,36.778261,-119.4179324,US,10,1,0,0
California,36.778261,-119.4179324,US,10,1,0,0
Washington,47.7510741,-120.7401385,US,10,1,0,0
Arizona,34.0489281,-111.0937311,US,10,1,0,0
Guangdong,23.3790333,113.7632828,China,14,895,0,49
Zhejiang,29.1416432,119.7889248,China,14,895,0,78
Henan,34.2904302,113.3823545,China,14,764,2,47
Hunan,27.6252995,111.8568586,China,14,661,0,54
Jiangxi,27.0874564,114.9042208,China,14,548,0,27
Anhui,30.6006773,117.9249002,China,14,530,0,23
Chongqing,29.4315861,106.912251,China,14,389,2,15
Jiangsu,33.1401715,119.7889248,China,14,341,0,23
Shandong,35.8939566,117.9249002,China,14,307,0,15
Sichuan,30.2638032,102.8054753,China,14,301,1,24
Beijing,39.9041999,116.4073963,China,14,253,1,24
Shanghai,31.230416,121.473701,China,14,243,1,15
Fujian,26.4836842,117.9249002,China,14,205,0,11
Heilongjiang,47.1216472,128.738231,China,14,190,2,7
Shaanxi,35.3939908,109.1880047,China,14,165,0,6
Guangxi,23.7247599,108.8076195,China,14,150,0,13
Hebei,37.8956594,114.9042208,China,14,135,1,6
Yunnan,24.4752847,101.3431058,China,14,128,0,5
Hainan,19.5663947,109.949686,China,14,99,1,5
Liaoning,41.9436543,122.5290376,China,14,89,0,4
Shanxi,37.2425649,111.8568586,China,14,81,0,5
Tianjin,39.3433574,117.3616476,China,14,69,1,2
Guizhou,26.8429645,107.2902839,China,14,64,1,9
Gansu,35.7518326,104.2861116,China,14,62,0,6
Jilin,43.837883,126.549572,China,14,54,0,2
Inner Mongolia,43.37822,115.0594815,China,14,42,0,3
Ningxia,37.198731,106.1580937,China,13,34,0,1
Xinjiang,42.5246357,87.5395855,China,14,32,0,0
Singapore,1.352083,103.819836,Singapore,14,28,0,0
Bangkok,13.7563309,100.5017651,Thailand,13,25,0,5
Tokyo,35.6803997,139.7690174,Japan,13,22,0,1
Hong Kong,22.3193039,114.1693611,Hong Kong,14,21,1,0
Seoul,37.566535,126.9779692,South Korea,14,19,0,0
Qinghai,35.744798,96.4077358,China,14,17,0,3
Berlin,52.5200066,13.404954,Germany,12,12,0,0
Kuala Lumpur,3.139003,101.686855,Malaysia,14,12,0,0
Taiwan,23.69781,120.960515,Taiwan,13,11,0,0
Macau,22.198745,113.543873,Macau,13,10,0,0
Ho Chi Minh City,10.8230989,106.6296638,Vietnam,12,8,0,1
Paris,48.856614,2.3522219,France,10,6,0,0
Dubai,25.2048493,55.2707828,United Arab Emirates,11,5,0,0
New South Wales,-31.2532183,146.921099,Australia,10,4,0,2
Victoria,28.8052674,-97.0035982,Australia,10,4,0,0
Queensland,-20.9175738,142.7027956,Australia,13,3,0,0
Mumbai,19.0759837,72.8776559,India,12,3,0,0
South Australia,-30.0002315,136.2091547,Australia,11,2,0,0
British Columbia,53.7266683,-127.6476205,Canada,14,2,0,0
Ontario,51.253775,-85.323214,Canada,13,2,0,0
Rome,41.9027835,12.4963655,Italy,9,2,0,0
Quezon City,14.6760413,121.0437003,Philippines,11,2,1,0
Moscow,55.755826,37.6172999,Russia,9,2,0,0
Manchester,53.4807593,-2.2426305,UK,10,2,0,0
Illinois,40.6331249,-89.3985283,US,10,2,0,0
California,36.778261,-119.4179324,US,12,2,0,0
California,36.778261,-119.4179324,US,12,2,0,0
Brussels,50.8503463,4.3517211,Belgium,13,1,0,0
Phnom Penh,11.5563738,104.9282099,Cambodia,9,1,0,0
Ontario,51.253775,-85.323214,Canada,13,1,0,0
Helsinki,60.1698557,24.9383791,Finland,9,1,0,0
Tibet,30.1533605,88.7878678,China,10,1,0,0
Kathmandu,27.7172453,85.3239605,Nepal,9,1,0,0
Madrid,40.4167754,-3.7037902,Spain,10,1,0,0
Colombo,6.9270786,79.861243,Sri Lanka,9,1,0,0
Stockholm,59.3293235,18.0685808,Sweden,10,1,0,0
Massachusetts,42.4072107,-71.3824374,US,10,1,0,0
California,36.778261,-119.4179324,US,10,1,0,0
Wisconsin,43.7844397,-88.7878678,US,14,1,0,0
California,36.778261,-119.4179324,US,10,1,0,0
Washington,47.7510741,-120.7401385,US,10,1,0,0
Arizona,34.0489281,-111.0937311,US,10,1,0,0
Guangdong,23.3790333,113.7632828,China,15,970,0,69
Zhejiang,29.1416432,119.7889248,China,15,954,0,94
Henan,34.2904302,113.3823545,China,15,851,2,56
Hunan,27.6252995,111.8568586,China,15,711,0,81
Jiangxi,27.0874564,114.9042208,China,15,600,0,37
Anhui,30.6006773,117.9249002,China,15,591,0,34
Chongqing,29.4315861,106.912251,China,15,411,2,24
Jiangsu,33.1401715,119.7889248,China,15,373,0,34
Shandong,35.8939566,117.9249002,China,15,347,0,27
Sichuan,30.2638032,102.8054753,China,15,321,1,31
Beijing,39.9041999,116.4073963,China,15,274,1,31
Shanghai,31.230416,121.473701,China,15,257,1,25
Heilongjiang,47.1216472,128.738231,China,15,227,3,8
Fujian,26.4836842,117.9249002,China,15,215,0,14
Shaanxi,35.3939908,109.1880047,China,15,173,0,9
Guangxi,23.7247599,108.8076195,China,15,168,0,14
Hebei,37.8956594,114.9042208,China,15,157,1,13
Yunnan,24.4752847,101.3431058,China,15,133,0,7
Hainan,19.5663947,109.949686,China,15,106,1,8
Shanxi,37.2425649,111.8568586,China,15,96,0,12
Liaoning,41.9436543,122.5290376,China,15,94,0,5
Tianjin,39.3433574,117.3616476,China,15,79,1,2
Guizhou,26.8429645,107.2902839,China,15,71,1,6
Gansu,35.7518326,104.2861116,China,14,62,0,6
Jilin,43.837883,126.549572,China,15,59,0,4
Inner Mongolia,43.37822,115.0594815,China,15,46,0,4
Tokyo,35.6803997,139.7690174,Japan,15,45,0,1
Ningxia,37.198731,106.1580937,China,15,40,0,1
Xinjiang,42.5246357,87.5395855,China,15,36,0,0
Singapore,1.352083,103.819836,Singapore,14,28,0,0
Bangkok,13.7563309,100.5017651,Thailand,13,25,0,5
Hong Kong,22.3193039,114.1693611,Hong Kong,15,24,1,0
Seoul,37.566535,126.9779692,South Korea,15,23,0,0
Qinghai,35.744798,96.4077358,China,15,18,0,3
Taiwan,23.69781,120.960515,Taiwan,15,16,0,1
Berlin,52.5200066,13.404954,Germany,12,12,0,0
Kuala Lumpur,3.139003,101.686855,Malaysia,14,12,0,0
Macau,22.198745,113.543873,Macau,15,10,0,1
Ho Chi Minh City,10.8230989,106.6296638,Vietnam,15,10,0,1
Paris,48.856614,2.3522219,France,10,6,0,0
Dubai,25.2048493,55.2707828,United Arab Emirates,11,5,0,0
New South Wales,-31.2532183,146.921099,Australia,15,4,0,2
Queensland,-20.9175738,142.7027956,Australia,15,4,0,0
Victoria,28.8052674,-97.0035982,Australia,10,4,0,0
Mumbai,19.0759837,72.8776559,India,12,3,0,0
South Australia,-30.0002315,136.2091547,Australia,11,2,0,0
British Columbia,53.7266683,-127.6476205,Canada,14,2,0,0
Ontario,51.253775,-85.323214,Canada,13,2,0,0
Rome,41.9027835,12.4963655,Italy,9,2,0,0
Quezon City,14.6760413,121.0437003,Philippines,11,2,1,0
Moscow,55.755826,37.6172999,Russia,9,2,0,0
Manchester,53.4807593,-2.2426305,UK,10,2,0,0
Illinois,40.6331249,-89.3985283,US,10,2,0,0
California,36.778261,-119.4179324,US,12,2,0,0
California,36.778261,-119.4179324,US,12,2,0,0
Brussels,50.8503463,4.3517211,Belgium,13,1,0,0
Phnom Penh,11.5563738,104.9282099,Cambodia,9,1,0,0
Ontario,51.253775,-85.323214,Canada,13,1,0,0
Helsinki,60.1698557,24.9383791,Finland,9,1,0,0
Tibet,30.1533605,88.7878678,China,10,1,0,0
Kathmandu,27.7172453,85.3239605,Nepal,9,1,0,0
Madrid,40.4167754,-3.7037902,Spain,10,1,0,0
Colombo,6.9270786,79.861243,Sri Lanka,9,1,0,0
Stockholm,59.3293235,18.0685808,Sweden,10,1,0,0
Massachusetts,42.4072107,-71.3824374,US,10,1,0,0
California,36.778261,-119.4179324,US,10,1,0,0
Wisconsin,43.7844397,-88.7878678,US,14,1,0,0
California,36.778261,-119.4179324,US,10,1,0,0
Washington,47.7510741,-120.7401385,US,10,1,0,0
Arizona,34.0489281,-111.0937311,US,10,1,0,0
Guangdong,23.3790333,113.7632828,China,16,1034,1,88
Zhejiang,29.1416432,119.7889248,China,16,1006,0,123
Henan,34.2904302,113.3823545,China,16,914,3,86
Hunan,27.6252995,111.8568586,China,16,772,0,112
Anhui,30.6006773,117.9249002,China,16,665,0,47
Jiangxi,27.0874564,114.9042208,China,16,661,0,45
Chongqing,29.4315861,106.912251,China,16,426,2,31
Jiangsu,33.1401715,119.7889248,China,16,408,0,43
Shandong,35.8939566,117.9249002,China,16,386,0,37
Sichuan,30.2638032,102.8054753,China,16,344,1,42
Beijing,39.9041999,116.4073963,China,16,297,1,33
Heilongjiang,47.1216472,128.738231,China,16,277,3,12
Shanghai,31.230416,121.473701,China,16,277,1,30
Fujian,26.4836842,117.9249002,China,16,224,0,20
Shaanxi,35.3939908,109.1880047,China,16,184,0,17
Guangxi,23.7247599,108.8076195,China,16,172,0,17
Hebei,37.8956594,114.9042208,China,16,172,1,22
Yunnan,24.4752847,101.3431058,China,16,138,0,12
Hainan,19.5663947,109.949686,China,16,117,2,10
Shanxi,37.2425649,111.8568586,China,16,104,0,15
Liaoning,41.9436543,122.5290376,China,16,99,0,7
Guizhou,26.8429645,107.2902839,China,16,81,1,6
Tianjin,39.3433574,117.3616476,China,16,81,1,2
Gansu,35.7518326,104.2861116,China,16,67,0,9
Jilin,43.837883,126.549572,China,16,65,1,4
Inner Mongolia,43.37822,115.0594815,China,16,50,0,5
Ningxia,37.198731,106.1580937,China,16,43,0,5
Xinjiang,42.5246357,87.5395855,China,16,39,0,0
Singapore,1.352083,103.819836,Singapore,16,30,0,0
Hong Kong,22.3193039,114.1693611,Hong Kong,16,25,1,0
Tokyo,35.6803997,139.7690174,Japan,16,25,0,1
Bangkok,13.7563309,100.5017651,Thailand,13,25,0,5
Seoul,37.566535,126.9779692,South Korea,16,24,0,1
Qinghai,35.744798,96.4077358,China,15,18,0,3
Taiwan,23.69781,120.960515,Taiwan,15,16,0,1
Berlin,52.5200066,13.404954,Germany,16,13,0,0
Kuala Lumpur,3.139003,101.686855,Malaysia,16,12,0,1
Macau,22.198745,113.543873,Macau,15,10,0,1
Ho Chi Minh City,10.8230989,106.6296638,Vietnam,15,10,0,1
Paris,48.856614,2.3522219,France,10,6,0,0
Queensland,-20.9175738,142.7027956,Australia,16,5,0,0
Dubai,25.2048493,55.2707828,United Arab Emirates,11,5,0,0
New South Wales,-31.2532183,146.921099,Australia,15,4,0,2
Victoria,28.8052674,-97.0035982,Australia,10,4,0,0
British Columbia,53.7266683,-127.6476205,Canada,16,4,0,0
Mumbai,19.0759837,72.8776559,India,12,3,0,0
Rome,41.9027835,12.4963655,Italy,16,3,0,0
Quezon City,14.6760413,121.0437003,Philippines,16,3,1,0
Manchester,53.4807593,-2.2426305,UK,16,3,0,0
South Australia,-30.0002315,136.2091547,Australia,11,2,0,0
Ontario,51.253775,-85.323214,Canada,13,2,0,0
Moscow,55.755826,37.6172999,Russia,9,2,0,0
Illinois,40.6331249,-89.3985283,US,10,2,0,0
California,36.778261,-119.4179324,US,12,2,0,0
California,36.778261,-119.4179324,US,12,2,0,0
Brussels,50.8503463,4.3517211,Belgium,13,1,0,0
Phnom Penh,11.5563738,104.9282099,Cambodia,9,1,0,0
Ontario,51.253775,-85.323214,Canada,13,1,0,0
Helsinki,60.1698557,24.9383791,Finland,9,1,0,0
Tibet,30.1533605,88.7878678,China,10,1,0,0
Kathmandu,27.7172453,85.3239605,Nepal,9,1,0,0
Madrid,40.4167754,-3.7037902,Spain,10,1,0,0
Colombo,6.9270786,79.861243,Sri Lanka,9,1,0,0
Stockholm,59.3293235,18.0685808,Sweden,10,1,0,0
Massachusetts,42.4072107,-71.3824374,US,10,1,0,0
California,36.778261,-119.4179324,US,10,1,0,0
Wisconsin,43.7844397,-88.7878678,US,14,1,0,0
California,36.778261,-119.4179324,US,10,1,0,0
Washington,47.7510741,-120.7401385,US,10,1,0,0
Arizona,34.0489281,-111.0937311,US,10,1,0,0
Guangdong,23.3790333,113.7632828,China,17,1095,1,112
Zhejiang,29.1416432,119.7889248,China,17,1048,0,175
Henan,34.2904302,113.3823545,China,17,981,4,116
Hunan,27.6252995,111.8568586,China,17,803,1,156
Anhui,30.6006773,117.9249002,China,17,733,0,59
Jiangxi,27.0874564,114.9042208,China,17,698,0,55
Jiangsu,33.1401715,119.7889248,China,17,439,0,51
Chongqing,29.4315861,106.912251,China,17,428,2,39
Shandong,35.8939566,117.9249002,China,17,416,0,44
Sichuan,30.2638032,102.8054753,China,17,364,1,60
Beijing,39.9041999,116.4073963,China,17,315,2,34
Heilongjiang,47.1216472,128.738231,China,17,295,5,13
Shanghai,31.230416,121.473701,China,17,286,1,41
Fujian,26.4836842,117.9249002,China,17,239,0,24
Hebei,37.8956594,114.9042208,China,17,195,1,30
Shaanxi,35.3939908,109.1880047,China,17,195,0,20
Guangxi,23.7247599,108.8076195,China,17,183,0,17
Yunnan,24.4752847,101.3431058,China,17,138,0,17
Hainan,19.5663947,109.949686,China,17,124,2,14
Shanxi,37.2425649,111.8568586,China,17,115,0,21
Liaoning,41.9436543,122.5290376,China,17,105,0,8
Guizhou,26.8429645,107.2902839,China,17,89,1,7
Tianjin,39.3433574,117.3616476,China,17,88,1,4
Gansu,35.7518326,104.2861116,China,17,79,1,12
Jilin,43.837883,126.549572,China,17,69,1,4
Inner Mongolia,43.37822,115.0594815,China,17,52,0,5
Ningxia,37.198731,106.1580937,China,17,45,0,15
Xinjiang,42.5246357,87.5395855,China,17,42,0,0
Singapore,1.352083,103.819836,Singapore,17,33,0,2
Bangkok,13.7563309,100.5017651,Thailand,17,32,0,10
Hong Kong,22.3193039,114.1693611,Hong Kong,17,26,1,0
Tokyo,35.6803997,139.7690174,Japan,16,25,0,1
Seoul,37.566535,126.9779692,South Korea,16,24,0,1
Qinghai,35.744798,96.4077358,China,15,18,0,3
Taiwan,23.69781,120.960515,Taiwan,17,17,0,1
Kuala Lumpur,3.139003,101.686855,Malaysia,17,16,0,1
Berlin,52.5200066,13.404954,Germany,16,13,0,0
Ho Chi Minh City,10.8230989,106.6296638,Vietnam,17,13,0,1
Paris,48.856614,2.3522219,France,17,11,0,0
Macau,22.198745,113.543873,Macau,15,10,0,1
Dubai,25.2048493,55.2707828,United Arab Emirates,17,7,0,0
Queensland,-20.9175738,142.7027956,Australia,16,5,0,0
New South Wales,-31.2532183,146.921099,Australia,15,4,0,2
Victoria,28.8052674,-97.0035982,Australia,10,4,0,0
British Columbia,53.7266683,-127.6476205,Canada,16,4,0,0
Mumbai,19.0759837,72.8776559,India,12,3,0,0
Rome,41.9027835,12.4963655,Italy,16,3,0,0
Quezon City,14.6760413,121.0437003,Philippines,16,3,1,0
Manchester,53.4807593,-2.2426305,UK,16,3,0,0
South Australia,-30.0002315,136.2091547,Australia,11,2,0,0
Ontario,51.253775,-85.323214,Canada,13,2,0,0
Moscow,55.755826,37.6172999,Russia,9,2,0,0
Illinois,40.6331249,-89.3985283,US,10,2,0,0
California,36.778261,-119.4179324,US,12,2,0,0
California,36.778261,-119.4179324,US,12,2,0,0
Brussels,50.8503463,4.3517211,Belgium,13,1,0,0
Phnom Penh,11.5563738,104.9282099,Cambodia,9,1,0,0
Ontario,51.253775,-85.323214,Canada,13,1,0,0
Helsinki,60.1698557,24.9383791,Finland,9,1,0,0
Tibet,30.1533605,88.7878678,China,10,1,0,0
Kathmandu,27.7172453,85.3239605,Nepal,9,1,0,0
Madrid,40.4167754,-3.7037902,Spain,10,1,0,0
Colombo,6.9270786,79.861243,Sri Lanka,17,1,0,1
Stockholm,59.3293235,18.0685808,Sweden,10,1,0,0
Massachusetts,42.4072107,-71.3824374,US,10,1,0,0
California,36.778261,-119.4179324,US,10,1,0,0
Wisconsin,43.7844397,-88.7878678,US,14,1,0,0
California,36.778261,-119.4179324,US,10,1,0,0
Washington,47.7510741,-120.7401385,US,10,1,0,0
Arizona,34.0489281,-111.0937311,US,10,1,0,0
Guangdong,23.3790333,113.7632828,China,18,1131,1,141
Zhejiang,29.1416432,119.7889248,China,18,1075,0,201
Henan,34.2904302,113.3823545,China,18,1033,6,153
Hunan,27.6252995,111.8568586,China,18,838,1,186
Anhui,30.6006773,117.9249002,China,18,779,1,72
Jiangxi,27.0874564,114.9042208,China,18,740,0,73
Chongqing,29.4315861,106.912251,China,18,468,2,51
Jiangsu,33.1401715,119.7889248,China,18,468,0,71
Shandong,35.8939566,117.9249002,China,18,444,1,63
Sichuan,30.2638032,102.8054753,China,18,386,1,71
Beijing,39.9041999,116.4073963,China,18,326,2,37
Heilongjiang,47.1216472,128.738231,China,18,307,6,14
Shanghai,31.230416,121.473701,China,18,293,1,44
Fujian,26.4836842,117.9249002,China,18,250,0,35
Shaanxi,35.3939908,109.1880047,China,18,208,0,25
Hebei,37.8956594,114.9042208,China,18,206,2,34
Guangxi,23.7247599,108.8076195,China,18,195,1,18
Yunnan,24.4752847,101.3431058,China,18,141,0,18
Hainan,19.5663947,109.949686,China,18,131,3,19
Shanxi,37.2425649,111.8568586,China,18,119,0,25
Liaoning,41.9436543,122.5290376,China,18,107,0,12
Guizhou,26.8429645,107.2902839,China,18,99,1,7
Tianjin,39.3433574,117.3616476,China,18,91,1,4
Gansu,35.7518326,104.2861116,China,18,83,2,16
Jilin,43.837883,126.549572,China,18,78,1,12
Inner Mongolia,43.37822,115.0594815,China,18,54,0,5
Ningxia,37.198731,106.1580937,China,18,45,0,13
Xinjiang,42.5246357,87.5395855,China,18,45,0,0
Singapore,1.352083,103.819836,Singapore,18,40,0,2
Bangkok,13.7563309,100.5017651,Thailand,17,32,0,10
Hong Kong,22.3193039,114.1693611,Hong Kong,18,29,1,0
Tokyo,35.6803997,139.7690174,Japan,18,26,0,1
Seoul,37.566535,126.9779692,South Korea,18,25,0,3
Qinghai,35.744798,96.4077358,China,15,18,0,3
Taiwan,23.69781,120.960515,Taiwan,18,18,0,1
Kuala Lumpur,3.139003,101.686855,Malaysia,17,16,0,1
Berlin,52.5200066,13.404954,Germany,18,14,0,0
Ho Chi Minh City,10.8230989,106.6296638,Vietnam,17,13,0,1
Paris,48.856614,2.3522219,France,17,11,0,0
Macau,22.198745,113.543873,Macau,15,10,0,1
Dubai,25.2048493,55.2707828,United Arab Emirates,17,7,0,0
Queensland,-20.9175738,142.7027956,Australia,18,5,0,0
New South Wales,-31.2532183,146.921099,Australia,15,4,0,2
Victoria,28.8052674,-97.0035982,Australia,10,4,0,0
British Columbia,53.7266683,-127.6476205,Canada,16,4,0,0
Mumbai,19.0759837,72.8776559,India,12,3,0,0
Rome,41.9027835,12.4963655,Italy,16,3,0,0
Quezon City,14.6760413,121.0437003,Philippines,16,3,1,0
Manchester,53.4807593,-2.2426305,UK,16,3,0,0
South Australia,-30.0002315,136.2091547,Australia,11,2,0,0
Ontario,51.253775,-85.323214,Canada,13,2,0,0
Moscow,55.755826,37.6172999,Russia,9,2,0,0
Madrid,40.4167754,-3.7037902,Spain,18,2,0,0
Illinois,40.6331249,-89.3985283,US,18,2,0,2
California,36.778261,-119.4179324,US,12,2,0,0
California,36.778261,-119.4179324,US,12,2,0,0
Brussels,50.8503463,4.3517211,Belgium,13,1,0,0
Phnom Penh,11.5563738,104.9282099,Cambodia,9,1,0,0
Ontario,51.253775,-85.323214,Canada,13,1,0,0
Helsinki,60.1698557,24.9383791,Finland,9,1,0,0
Tibet,30.1533605,88.7878678,China,10,1,0,0
Kathmandu,27.7172453,85.3239605,Nepal,9,1,0,0
Colombo,6.9270786,79.861243,Sri Lanka,17,1,0,1
Stockholm,59.3293235,18.0685808,Sweden,10,1,0,0
Massachusetts,42.4072107,-71.3824374,US,10,1,0,0
California,36.778261,-119.4179324,US,10,1,0,0
Wisconsin,43.7844397,-88.7878678,US,14,1,0,0
California,36.778261,-119.4179324,US,10,1,0,0
Washington,47.7510741,-120.7401385,US,18,1,0,1
Arizona,34.0489281,-111.0937311,US,10,1,0,0
Guangdong,23.3790333,113.7632828,China,19,1159,1,167
Zhejiang,29.1416432,119.7889248,China,19,1092,0,242
Henan,34.2904302,113.3823545,China,19,1073,6,191
Hunan,27.6252995,111.8568586,China,19,879,1,208
Anhui,30.6006773,117.9249002,China,19,830,3,88
Jiangxi,27.0874564,114.9042208,China,19,771,1,105
Jiangsu,33.1401715,119.7889248,China,19,492,0,81
Chongqing,29.4315861,106.912251,China,19,486,2,66
Shandong,35.8939566,117.9249002,China,19,466,1,66
Sichuan,30.2638032,102.8054753,China,19,405,1,80
Beijing,39.9041999,116.4073963,China,19,337,2,44
Heilongjiang,47.1216472,128.738231,China,19,331,7,30
Shanghai,31.230416,121.473701,China,19,299,1,48
Fujian,26.4836842,117.9249002,China,19,261,0,39
Hebei,37.8956594,114.9042208,China,19,218,2,41
Shaanxi,35.3939908,109.1880047,China,19,213,0,30
Guangxi,23.7247599,108.8076195,China,19,210,1,24
Yunnan,24.4752847,101.3431058,China,19,149,0,19
Hainan,19.5663947,109.949686,China,19,138,3,19
Shanxi,37.2425649,111.8568586,China,18,119,0,25
Guizhou,26.8429645,107.2902839,China,19,109,1,10
Liaoning,41.9436543,122.5290376,China,19,108,0,13
Tianjin,39.3433574,117.3616476,China,19,95,1,8
Gansu,35.7518326,104.2861116,China,19,83,2,17
Jilin,43.837883,126.549572,China,19,80,1,13
Inner Mongolia,43.37822,115.0594815,China,19,58,0,5
Ningxia,37.198731,106.1580937,China,19,49,0,13
Xinjiang,42.5246357,87.5395855,China,19,49,0,0
Singapore,1.352083,103.819836,Singapore,19,45,0,2
Hong Kong,22.3193039,114.1693611,Hong Kong,19,38,1,0
Bangkok,13.7563309,100.5017651,Thailand,17,32,0,10
Seoul,37.566535,126.9779692,South Korea,19,27,0,3
Tokyo,35.6803997,139.7690174,Japan,19,26,0,4
Qinghai,35.744798,96.4077358,China,15,18,0,3
Kuala Lumpur,3.139003,101.686855,Malaysia,19,18,0,1
Taiwan,23.69781,120.960515,Taiwan,18,18,0,1
Berlin,52.5200066,13.404954,Germany,18,14,0,0
Ho Chi Minh City,10.8230989,106.6296638,Vietnam,19,14,0,1
Paris,48.856614,2.3522219,France,17,11,0,0
Macau,22.198745,113.543873,Macau,15,10,0,1
Manchester,53.4807593,-2.2426305,UK,19,8,0,0
Dubai,25.2048493,55.2707828,United Arab Emirates,19,8,0,0
Queensland,-20.9175738,142.7027956,Australia,18,5,0,0
New South Wales,-31.2532183,146.921099,Australia,15,4,0,2
Victoria,28.8052674,-97.0035982,Australia,10,4,0,0
British Columbia,53.7266683,-127.6476205,Canada,16,4,0,0
Mumbai,19.0759837,72.8776559,India,12,3,0,0
Rome,41.9027835,12.4963655,Italy,16,3,0,0
Quezon City,14.6760413,121.0437003,Philippines,16,3,1,0
South Australia,-30.0002315,136.2091547,Australia,11,2,0,0
Ontario,51.253775,-85.323214,Canada,13,2,0,0
Moscow,55.755826,37.6172999,Russia,9,2,0,0
Madrid,40.4167754,-3.7037902,Spain,18,2,0,0
Illinois,40.6331249,-89.3985283,US,18,2,0,2
California,36.778261,-119.4179324,US,12,2,0,0
California,36.778261,-119.4179324,US,12,2,0,0
Brussels,50.8503463,4.3517211,Belgium,13,1,0,0
Phnom Penh,11.5563738,104.9282099,Cambodia,9,1,0,0
Ontario,51.253775,-85.323214,Canada,13,1,0,0
Helsinki,60.1698557,24.9383791,Finland,9,1,0,0
Tibet,30.1533605,88.7878678,China,10,1,0,0
Kathmandu,27.7172453,85.3239605,Nepal,9,1,0,0
Colombo,6.9270786,79.861243,Sri Lanka,17,1,0,1
Stockholm,59.3293235,18.0685808,Sweden,10,1,0,0
Massachusetts,42.4072107,-71.3824374,US,10,1,0,0
California,36.778261,-119.4179324,US,10,1,0,0
Wisconsin,43.7844397,-88.7878678,US,14,1,0,0
California,36.778261,-119.4179324,US,10,1,0,0
Washington,47.7510741,-120.7401385,US,18,1,0,1
Arizona,34.0489281,-111.0937311,US,10,1,0,0
Guangdong,23.3790333,113.7632828,China,20,1177,1,212
Zhejiang,29.1416432,119.7889248,China,20,1117,0,270
Henan,34.2904302,113.3823545,China,20,1105,7,218
Hunan,27.6252995,111.8568586,China,20,912,1,247
Anhui,30.6006773,117.9249002,China,20,860,4,105
Jiangxi,27.0874564,114.9042208,China,20,804,1,128
Jiangsu,33.1401715,119.7889248,China,20,515,0,93
Chongqing,29.4315861,106.912251,China,20,505,3,79
Shandong,35.8939566,117.9249002,China,20,487,1,80
Sichuan,30.2638032,102.8054753,China,20,417,1,85
Heilongjiang,47.1216472,128.738231,China,20,360,8,28
Beijing,39.9041999,116.4073963,China,20,342,3,48
Shanghai,31.230416,121.473701,China,20,303,1,52
Fujian,26.4836842,117.9249002,China,20,267,0,45
Hebei,37.8956594,114.9042208,China,20,239,2,48
Shaanxi,35.3939908,109.1880047,China,20,219,0,32
Guangxi,23.7247599,108.8076195,China,20,215,1,33
Yunnan,24.4752847,101.3431058,China,20,153,0,20
Hainan,19.5663947,109.949686,China,20,144,3,20
Guizhou,26.8429645,107.2902839,China,20,127,1,17
Shanxi,37.2425649,111.8568586,China,20,124,0,30
Liaoning,41.9436543,122.5290376,China,20,111,0,19
Tianjin,39.3433574,117.3616476,China,20,106,2,10
Gansu,35.7518326,104.2861116,China,20,86,2,24
Jilin,43.837883,126.549572,China,20,81,1,18
Inner Mongolia,43.37822,115.0594815,China,19,58,0,5
Xinjiang,42.5246357,87.5395855,China,20,55,0,3
Ningxia,37.198731,106.1580937,China,20,53,0,22
Hong Kong,22.3193039,114.1693611,Hong Kong,20,49,1,0
Singapore,1.352083,103.819836,Singapore,20,47,0,9
Bangkok,13.7563309,100.5017651,Thailand,20,33,0,10
Seoul,37.566535,126.9779692,South Korea,20,28,0,3
Tokyo,35.6803997,139.7690174,Japan,20,26,0,9
Qinghai,35.744798,96.4077358,China,20,18,0,5
Kuala Lumpur,3.139003,101.686855,Malaysia,20,18,0,3
Taiwan,23.69781,120.960515,Taiwan,18,18,0,1
Berlin,52.5200066,13.404954,Germany,20,16,0,0
Ho Chi Minh City,10.8230989,106.6296638,Vietnam,20,15,0,6
Paris,48.856614,2.3522219,France,17,11,0,0
Macau,22.198745,113.543873,Macau,15,10,0,1
Manchester,53.4807593,-2.2426305,UK,19,8,0,0
Dubai,25.2048493,55.2707828,United Arab Emirates,19,8,0,0
Queensland,-20.9175738,142.7027956,Australia,18,5,0,0
New South Wales,-31.2532183,146.921099,Australia,15,4,0,2
Victoria,28.8052674,-97.0035982,Australia,10,4,0,0
British Columbia,53.7266683,-127.6476205,Canada,16,4,0,0
Mumbai,19.0759837,72.8776559,India,12,3,0,0
Rome,41.9027835,12.4963655,Italy,16,3,0,0
Quezon City,14.6760413,121.0437003,Philippines,16,3,1,0
South Australia,-30.0002315,136.2091547,Australia,11,2,0,0
Ontario,51.253775,-85.323214,Canada,13,2,0,0
Moscow,55.755826,37.6172999,Russia,9,2,0,0
Madrid,40.4167754,-3.7037902,Spain,18,2,0,0
Illinois,40.6331249,-89.3985283,US,18,2,0,2
California,36.778261,-119.4179324,US,12,2,0,0
California,36.778261,-119.4179324,US,12,2,0,0
Brussels,50.8503463,4.3517211,Belgium,13,1,0,0
Phnom Penh,11.5563738,104.9282099,Cambodia,9,1,0,0
Ontario,51.253775,-85.323214,Canada,13,1,0,0
Helsinki,60.1698557,24.9383791,Finland,9,1,0,0
Tibet,30.1533605,88.7878678,China,10,1,0,0
Kathmandu,27.7172453,85.3239605,Nepal,9,1,0,0
Colombo,6.9270786,79.861243,Sri Lanka,17,1,0,1
Stockholm,59.3293235,18.0685808,Sweden,10,1,0,0
Massachusetts,42.4072107,-71.3824374,US,10,1,0,0
California,36.778261,-119.4179324,US,10,1,0,0
Wisconsin,43.7844397,-88.7878678,US,14,1,0,0
California,36.778261,-119.4179324,US,10,1,0,0
California,36.778261,-119.4179324,US,20,1,0,0
Washington,47.7510741,-120.7401385,US,18,1,0,1
Arizona,34.0489281,-111.0937311,US,10,1,0,0
Guangdong,23.3790333,113.7632828,China,21,1219,1,275
Henan,34.2904302,113.3823545,China,21,1135,8,246
Zhejiang,29.1416432,119.7889248,China,21,1131,0,321
Hunan,27.6252995,111.8568586,China,21,946,2,304
Anhui,30.6006773,117.9249002,China,21,889,4,127
Jiangxi,27.0874564,114.9042208,China,21,844,1,152
Jiangsu,33.1401715,119.7889248,China,21,543,0,125
Chongqing,29.4315861,106.912251,China,21,518,3,102
Shandong,35.8939566,117.9249002,China,21,497,2,92
Sichuan,30.2638032,102.8054753,China,21,436,1,92
Heilongjiang,47.1216472,128.738231,China,21,378,8,31
Beijing,39.9041999,116.4073963,China,21,352,3,56
Shanghai,31.230416,121.473701,China,21,311,1,57
Fujian,26.4836842,117.9249002,China,21,272,0,53
Hebei,37.8956594,114.9042208,China,21,251,2,54
Shaanxi,35.3939908,109.1880047,China,21,225,0,43
Guangxi,23.7247599,108.8076195,China,21,222,1,32
Hainan,19.5663947,109.949686,China,21,157,4,27
Yunnan,24.4752847,101.3431058,China,21,154,0,26
Guizhou,26.8429645,107.2902839,China,21,133,1,18
Shanxi,37.2425649,111.8568586,China,21,126,0,33
Liaoning,41.9436543,122.5290376,China,21,116,1,20
Tianjin,39.3433574,117.3616476,China,21,112,2,11
Gansu,35.7518326,104.2861116,China,21,87,2,31
Jilin,43.837883,126.549572,China,21,83,1,22
Inner Mongolia,43.37822,115.0594815,China,21,60,0,6
Xinjiang,42.5246357,87.5395855,China,21,59,0,3
Ningxia,37.198731,106.1580937,China,21,58,0,24
Hong Kong,22.3193039,114.1693611,Hong Kong,21,50,1,1
Singapore,1.352083,103.819836,Singapore,21,50,0,15
Bangkok,13.7563309,100.5017651,Thailand,20,33,0,10
Tokyo,35.6803997,139.7690174,Japan,21,28,0,9
Seoul,37.566535,126.9779692,South Korea,21,28,0,7
Qinghai,35.744798,96.4077358,China,21,18,0,9
Kuala Lumpur,3.139003,101.686855,Malaysia,20,18,0,3
Taiwan,23.69781,120.960515,Taiwan,18,18,0,1
Berlin,52.5200066,13.404954,Germany,20,16,0,0
Ho Chi Minh City,10.8230989,106.6296638,Vietnam,20,15,0,6
Paris,48.856614,2.3522219,France,21,11,0,2
Macau,22.198745,113.543873,Macau,21,10,0,2
Manchester,53.4807593,-2.2426305,UK,21,9,0,1
Dubai,25.2048493,55.2707828,United Arab Emirates,21,8,0,1
Queensland,-20.9175738,142.7027956,Australia,18,5,0,0
New South Wales,-31.2532183,146.921099,Australia,15,4,0,2
Victoria,28.8052674,-97.0035982,Australia,10,4,0,0
British Columbia,53.7266683,-127.6476205,Canada,16,4,0,0
Mumbai,19.0759837,72.8776559,India,12,3,0,0
Rome,41.9027835,12.4963655,Italy,16,3,0,0
Quezon City,14.6760413,121.0437003,Philippines,21,3,1,1
South Australia,-30.0002315,136.2091547,Australia,11,2,0,0
Ontario,51.253775,-85.323214,Canada,13,2,0,0
Moscow,55.755826,37.6172999,Russia,21,2,0,2
Madrid,40.4167754,-3.7037902,Spain,18,2,0,0
Illinois,40.6331249,-89.3985283,US,18,2,0,2
California,36.778261,-119.4179324,US,12,2,0,0
California,36.778261,-119.4179324,US,12,2,0,0
Brussels,50.8503463,4.3517211,Belgium,13,1,0,0
Phnom Penh,11.5563738,104.9282099,Cambodia,21,1,0,1
Ontario,51.253775,-85.323214,Canada,21,1,0,1
Helsinki,60.1698557,24.9383791,Finland,21,1,0,1
Tibet,30.1533605,88.7878678,China,21,1,0,1
Kathmandu,27.7172453,85.3239605,Nepal,21,1,0,1
Colombo,6.9270786,79.861243,Sri Lanka,17,1,0,1
Stockholm,59.3293235,18.0685808,Sweden,10,1,0,0
Massachusetts,42.4072107,-71.3824374,US,10,1,0,0
California,36.778261,-119.4179324,US,10,1,0,0
Wisconsin,43.7844397,-88.7878678,US,14,1,0,0
California,36.778261,-119.4179324,US,10,1,0,0
California,36.778261,-119.4179324,US,20,1,0,0
Washington,47.7510741,-120.7401385,US,18,1,0,1
Arizona,34.0489281,-111.0937311,US,10,1,0,0
Guangdong,23.3790333,113.7632828,China,22,1241,2,314
Henan,34.2904302,113.3823545,China,22,1169,10,296
Zhejiang,29.1416432,119.7889248,China,22,1145,0,360
Hunan,27.6252995,111.8568586,China,22,968,2,339
Anhui,30.6006773,117.9249002,China,22,910,5,157
Jiangxi,27.0874564,114.9042208,China,22,872,1,170
Jiangsu,33.1401715,119.7889248,China,22,570,0,139
Chongqing,29.4315861,106.912251,China,22,529,4,128
Shandong,35.8939566,117.9249002,China,22,509,2,105
Sichuan,30.2638032,102.8054753,China,22,451,1,104
Heilongjiang,47.1216472,128.738231,China,22,395,9,33
Beijing,39.9041999,116.4073963,China,22,366,3,69
Shanghai,31.230416,121.473701,China,22,315,1,62
Fujian,26.4836842,117.9249002,China,22,279,0,57
Hebei,37.8956594,114.9042208,China,22,265,3,68
Shaanxi,35.3939908,109.1880047,China,22,229,0,46
Guangxi,23.7247599,108.8076195,China,22,222,2,33
Hainan,19.5663947,109.949686,China,22,157,4,30
Yunnan,24.4752847,101.3431058,China,22,156,0,27
Guizhou,26.8429645,107.2902839,China,22,135,1,27
Shanxi,37.2425649,111.8568586,China,22,126,0,36
Tianjin,39.3433574,117.3616476,China,22,119,3,21
Liaoning,41.9436543,122.5290376,China,22,117,1,22
Gansu,35.7518326,104.2861116,China,22,90,2,39
Jilin,43.837883,126.549572,China,22,84,1,24
Ningxia,37.198731,106.1580937,China,22,64,0,24
Xinjiang,42.5246357,87.5395855,China,22,63,1,6
Inner Mongolia,43.37822,115.0594815,China,22,61,0,6
Singapore,1.352083,103.819836,Singapore,22,58,0,15
Hong Kong,22.3193039,114.1693611,Hong Kong,22,53,1,1
Bangkok,13.7563309,100.5017651,Thailand,22,33,0,12
Tokyo,35.6803997,139.7690174,Japan,22,28,1,9
Seoul,37.566535,126.9779692,South Korea,21,28,0,7
Kuala Lumpur,3.139003,101.686855,Malaysia,22,19,0,3
Qinghai,35.744798,96.4077358,China,22,18,0,11
Taiwan,23.69781,120.960515,Taiwan,18,18,0,1
Berlin,52.5200066,13.404954,Germany,22,16,0,1
Ho Chi Minh City,10.8230989,106.6296638,Vietnam,22,16,0,7
Paris,48.856614,2.3522219,France,21,11,0,2
Macau,22.198745,113.543873,Macau,22,10,0,3
Manchester,53.4807593,-2.2426305,UK,21,9,0,1
Dubai,25.2048493,55.2707828,United Arab Emirates,21,8,0,1
Queensland,-20.9175738,142.7027956,Australia,18,5,0,0
New South Wales,-31.2532183,146.921099,Australia,22,4,0,4
Victoria,28.8052674,-97.0035982,Australia,22,4,0,4
British Columbia,53.7266683,-127.6476205,Canada,16,4,0,0
Mumbai,19.0759837,72.8776559,India,22,3,0,0
Rome,41.9027835,12.4963655,Italy,16,3,0,0
Quezon City,14.6760413,121.0437003,Philippines,21,3,1,1
South Australia,-30.0002315,136.2091547,Australia,11,2,0,0
Ontario,51.253775,-85.323214,Canada,13,2,0,0
Moscow,55.755826,37.6172999,Russia,21,2,0,2
Madrid,40.4167754,-3.7037902,Spain,18,2,0,0
Illinois,40.6331249,-89.3985283,US,18,2,0,2
California,36.778261,-119.4179324,US,12,2,0,0
California,36.778261,-119.4179324,US,22,2,0,0
California,36.778261,-119.4179324,US,12,2,0,0
Brussels,50.8503463,4.3517211,Belgium,13,1,0,0
Phnom Penh,11.5563738,104.9282099,Cambodia,21,1,0,1
Ontario,51.253775,-85.323214,Canada,21,1,0,1
Helsinki,60.1698557,24.9383791,Finland,21,1,0,1
Tibet,30.1533605,88.7878678,China,21,1,0,1
Kathmandu,27.7172453,85.3239605,Nepal,21,1,0,1
Colombo,6.9270786,79.861243,Sri Lanka,17,1,0,1
Stockholm,59.3293235,18.0685808,Sweden,10,1,0,0
Massachusetts,42.4072107,-71.3824374,US,10,1,0,0
California,36.778261,-119.4179324,US,10,1,0,0
Wisconsin,43.7844397,-88.7878678,US,14,1,0,0
California,36.778261,-119.4179324,US,10,1,0,0
Texas,31.9685988,-99.9018131,US,22,1,0,0
Washington,47.7510741,-120.7401385,US,18,1,0,1
Arizona,34.0489281,-111.0937311,US,10,1,0,0
Guangdong,23.3790333,113.7632828,China,23,1261,2,362
Henan,34.2904302,113.3823545,China,23,1184,11,357
Zhejiang,29.1416432,119.7889248,China,23,1155,0,403
Hunan,27.6252995,111.8568586,China,23,988,2,364
Anhui,30.6006773,117.9249002,China,23,934,6,193
Jiangxi,27.0874564,114.9042208,China,23,900,1,187
Jiangsu,33.1401715,119.7889248,China,23,593,0,157
Chongqing,29.4315861,106.912251,China,23,537,5,152
Shandong,35.8939566,117.9249002,China,23,523,2,136
Sichuan,30.2638032,102.8054753,China,23,463,1,114
Heilongjiang,47.1216472,128.738231,China,23,419,11,47
Beijing,39.9041999,116.4073963,China,23,372,3,80
Shanghai,31.230416,121.473701,China,23,318,1,90
Hebei,37.8956594,114.9042208,China,23,283,3,87
Fujian,26.4836842,117.9249002,China,23,281,0,63
Shaanxi,35.3939908,109.1880047,China,23,230,0,54
Guangxi,23.7247599,108.8076195,China,23,226,2,36
Yunnan,24.4752847,101.3431058,China,23,162,0,36
Hainan,19.5663947,109.949686,China,23,159,4,43
Guizhou,26.8429645,107.2902839,China,23,140,1,28
Shanxi,37.2425649,111.8568586,China,23,127,0,38
Tianjin,39.3433574,117.3616476,China,23,120,3,31
Liaoning,41.9436543,122.5290376,China,23,119,1,29
Gansu,35.7518326,104.2861116,China,22,90,2,39
Jilin,43.837883,126.549572,China,23,86,1,25
Ningxia,37.198731,106.1580937,China,23,67,0,24
Singapore,1.352083,103.819836,Singapore,23,67,0,17
Inner Mongolia,43.37822,115.0594815,China,23,65,0,6
Xinjiang,42.5246357,87.5395855,China,23,65,1,6
Hong Kong,22.3193039,114.1693611,Hong Kong,23,56,1,1
Bangkok,13.7563309,100.5017651,Thailand,22,33,0,12
Tokyo,35.6803997,139.7690174,Japan,23,29,1,9
Seoul,37.566535,126.9779692,South Korea,21,28,0,7
Kuala Lumpur,3.139003,101.686855,Malaysia,22,19,0,3
Qinghai,35.744798,96.4077358,China,22,18,0,11
Taiwan,23.69781,120.960515,Taiwan,23,18,0,2
Berlin,52.5200066,13.404954,Germany,22,16,0,1
Ho Chi Minh City,10.8230989,106.6296638,Vietnam,22,16,0,7
Paris,48.856614,2.3522219,France,21,11,0,2
Macau,22.198745,113.543873,Macau,22,10,0,3
Manchester,53.4807593,-2.2426305,UK,21,9,0,1
Dubai,25.2048493,55.2707828,United Arab Emirates,21,8,0,1
Queensland,-20.9175738,142.7027956,Australia,18,5,0,0
New South Wales,-31.2532183,146.921099,Australia,22,4,0,4
Victoria,28.8052674,-97.0035982,Australia,22,4,0,4
British Columbia,53.7266683,-127.6476205,Canada,16,4,0,0
Mumbai,19.0759837,72.8776559,India,22,3,0,0
Rome,41.9027835,12.4963655,Italy,16,3,0,0
Quezon City,14.6760413,121.0437003,Philippines,21,3,1,1
South Australia,-30.0002315,136.2091547,Australia,11,2,0,0
Ontario,51.253775,-85.323214,Canada,13,2,0,0
Moscow,55.755826,37.6172999,Russia,21,2,0,2
Madrid,40.4167754,-3.7037902,Spain,18,2,0,0
Illinois,40.6331249,-89.3985283,US,18,2,0,2
California,36.778261,-119.4179324,US,12,2,0,0
California,36.778261,-119.4179324,US,22,2,0,0
California,36.778261,-119.4179324,US,12,2,0,0
Brussels,50.8503463,4.3517211,Belgium,13,1,0,0
Phnom Penh,11.5563738,104.9282099,Cambodia,21,1,0,1
Ontario,51.253775,-85.323214,Canada,21,1,0,1
Cairo,30.0444196,31.2357116,Egypt,23,1,0,0
Helsinki,60.1698557,24.9383791,Finland,21,1,0,1
Tibet,30.1533605,88.7878678,China,21,1,0,1
Kathmandu,27.7172453,85.3239605,Nepal,21,1,0,1
Colombo,6.9270786,79.861243,Sri Lanka,17,1,0,1
Stockholm,59.3293235,18.0685808,Sweden,10,1,0,0
Massachusetts,42.4072107,-71.3824374,US,10,1,0,0
California,36.778261,-119.4179324,US,10,1,0,0
Wisconsin,43.7844397,-88.7878678,US,14,1,0,0
California,36.778261,-119.4179324,US,10,1,0,0
Texas,31.9685988,-99.9018131,US,22,1,0,0
Washington,47.7510741,-120.7401385,US,18,1,0,1
Arizona,34.0489281,-111.0937311,US,10,1,0,0
Guangdong,23.3790333,113.7632828,China,24,1294,2,410
Henan,34.2904302,113.3823545,China,24,1212,13,391
Zhejiang,29.1416432,119.7889248,China,24,1162,0,428
Hunan,27.6252995,111.8568586,China,24,1001,2,425
Anhui,30.6006773,117.9249002,China,24,950,6,221
Jiangxi,27.0874564,114.9042208,China,24,913,1,210
Jiangsu,33.1401715,119.7889248,China,24,604,0,186
Chongqing,29.4315861,106.912251,China,24,544,5,184
Shandong,35.8939566,117.9249002,China,24,532,2,156
Sichuan,30.2638032,102.8054753,China,24,470,1,119
Heilongjiang,47.1216472,128.738231,China,24,425,11,68
Beijing,39.9041999,116.4073963,China,24,375,4,98
Shanghai,31.230416,121.473701,China,24,326,1,124
Hebei,37.8956594,114.9042208,China,24,291,3,101
Fujian,26.4836842,117.9249002,China,24,285,0,71
Guangxi,23.7247599,108.8076195,China,24,235,2,44
Shaanxi,35.3939908,109.1880047,China,24,232,0,60
Yunnan,24.4752847,101.3431058,China,24,168,0,42
Hainan,19.5663947,109.949686,China,24,162,4,39
Guizhou,26.8429645,107.2902839,China,24,143,1,41
Shanxi,37.2425649,111.8568586,China,24,128,0,46
Tianjin,39.3433574,117.3616476,China,24,122,3,37
Liaoning,41.9436543,122.5290376,China,24,119,1,31
Gansu,35.7518326,104.2861116,China,24,90,2,49
Jilin,43.837883,126.549572,China,24,88,1,26
Singapore,1.352083,103.819836,Singapore,24,72,0,18
Ningxia,37.198731,106.1580937,China,24,70,0,33
Xinjiang,42.5246357,87.5395855,China,24,70,1,10
Inner Mongolia,43.37822,115.0594815,China,24,68,0,7
Hong Kong,22.3193039,114.1693611,Hong Kong,23,56,1,1
Tokyo,35.6803997,139.7690174,Japan,24,43,1,12
Bangkok,13.7563309,100.5017651,Thailand,22,33,0,12
Seoul,37.566535,126.9779692,South Korea,24,28,0,9
Kuala Lumpur,3.139003,101.686855,Malaysia,24,22,0,7
Qinghai,35.744798,96.4077358,China,24,18,0,13
Taiwan,23.69781,120.960515,Taiwan,24,18,0,2
Berlin,52.5200066,13.404954,Germany,22,16,0,1
Ho Chi Minh City,10.8230989,106.6296638,Vietnam,22,16,0,7
Paris,48.856614,2.3522219,France,24,12,1,4
Macau,22.198745,113.543873,Macau,22,10,0,3
Manchester,53.4807593,-2.2426305,UK,21,9,0,1
Dubai,25.2048493,55.2707828,United Arab Emirates,24,8,0,3
Queensland,-20.9175738,142.7027956,Australia,18,5,0,0
New South Wales,-31.2532183,146.921099,Australia,22,4,0,4
Victoria,28.8052674,-97.0035982,Australia,22,4,0,4
British Columbia,53.7266683,-127.6476205,Canada,16,4,0,0
Mumbai,19.0759837,72.8776559,India,22,3,0,0
Rome,41.9027835,12.4963655,Italy,16,3,0,0
Quezon City,14.6760413,121.0437003,Philippines,21,3,1,1
South Australia,-30.0002315,136.2091547,Australia,11,2,0,0
Ontario,51.253775,-85.323214,Canada,13,2,0,0
Moscow,55.755826,37.6172999,Russia,21,2,0,2
Madrid,40.4167754,-3.7037902,Spain,24,2,0,2
Illinois,40.6331249,-89.3985283,US,18,2,0,2
California,36.778261,-119.4179324,US,12,2,0,0
California,36.778261,-119.4179324,US,22,2,0,0
California,36.778261,-119.4179324,US,12,2,0,0
Brussels,50.8503463,4.3517211,Belgium,13,1,0,0
Phnom Penh,11.5563738,104.9282099,Cambodia,21,1,0,1
Ontario,51.253775,-85.323214,Canada,21,1,0,1
Cairo,30.0444196,31.2357116,Egypt,23,1,0,0
Helsinki,60.1698557,24.9383791,Finland,21,1,0,1
Tibet,30.1533605,88.7878678,China,21,1,0,1
Kathmandu,27.7172453,85.3239605,Nepal,21,1,0,1
Colombo,6.9270786,79.861243,Sri Lanka,17,1,0,1
Stockholm,59.3293235,18.0685808,Sweden,10,1,0,0
Massachusetts,42.4072107,-71.3824374,US,10,1,0,0
California,36.778261,-119.4179324,US,10,1,0,0
Wisconsin,43.7844397,-88.7878678,US,14,1,0,0
California,36.778261,-119.4179324,US,10,1,0,0
Texas,31.9685988,-99.9018131,US,22,1,0,0
Washington,47.7510741,-120.7401385,US,18,1,0,1
Arizona,34.0489281,-111.0937311,US,10,1,0,0
Guangdong,23.3790333,113.7632828,China,25,1316,2,465
Henan,34.2904302,113.3823545,China,25,1231,13,440
Zhejiang,29.1416432,119.7889248,China,25,1167,0,456
Hunan,27.6252995,111.8568586,China,25,1004,3,464
Anhui,30.6006773,117.9249002,China,25,962,6,255
Jiangxi,27.0874564,114.9042208,China,25,925,1,240
Jiangsu,33.1401715,119.7889248,China,25,617,0,218
Chongqing,29.4315861,106.912251,China,25,551,5,207
Shandong,35.8939566,117.9249002,China,25,537,2,173
Sichuan,30.2638032,102.8054753,China,25,481,3,131
Heilongjiang,47.1216472,128.738231,China,25,445,11,79
Beijing,39.9041999,116.4073963,China,25,380,4,108
Shanghai,31.230416,121.473701,China,25,328,1,140
Hebei,37.8956594,114.9042208,China,25,300,3,105
Fujian,26.4836842,117.9249002,China,25,287,0,82
Guangxi,23.7247599,108.8076195,China,25,237,2,49
Shaanxi,35.3939908,109.1880047,China,25,236,0,71
Yunnan,24.4752847,101.3431058,China,25,171,0,42
Hainan,19.5663947,109.949686,China,25,162,4,52
Guizhou,26.8429645,107.2902839,China,25,144,1,46
Shanxi,37.2425649,111.8568586,China,25,129,0,50
Tianjin,39.3433574,117.3616476,China,25,124,3,45
Liaoning,41.9436543,122.5290376,China,25,121,1,40
Gansu,35.7518326,104.2861116,China,25,90,2,54
Jilin,43.837883,126.549572,China,25,89,1,30
Singapore,1.352083,103.819836,Singapore,25,75,0,18
Xinjiang,42.5246357,87.5395855,China,25,71,1,12
Inner Mongolia,43.37822,115.0594815,China,25,70,0,8
Ningxia,37.198731,106.1580937,China,24,70,0,33
Tokyo,35.6803997,139.7690174,Japan,25,59,1,12
Hong Kong,22.3193039,114.1693611,Hong Kong,25,57,1,2
Bangkok,13.7563309,100.5017651,Thailand,25,34,0,14
Seoul,37.566535,126.9779692,South Korea,25,29,0,9
Kuala Lumpur,3.139003,101.686855,Malaysia,24,22,0,7
Taiwan,23.69781,120.960515,Taiwan,25,20,1,2
Qinghai,35.744798,96.4077358,China,24,18,0,13
Berlin,52.5200066,13.404954,Germany,22,16,0,1
Ho Chi Minh City,10.8230989,106.6296638,Vietnam,22,16,0,7
Paris,48.856614,2.3522219,France,24,12,1,4
Macau,22.198745,113.543873,Macau,25,10,0,5
Manchester,53.4807593,-2.2426305,UK,25,9,0,8
Dubai,25.2048493,55.2707828,United Arab Emirates,25,9,0,4
Queensland,-20.9175738,142.7027956,Australia,18,5,0,0
New South Wales,-31.2532183,146.921099,Australia,22,4,0,4
Victoria,28.8052674,-97.0035982,Australia,22,4,0,4
British Columbia,53.7266683,-127.6476205,Canada,16,4,0,0
Mumbai,19.0759837,72.8776559,India,25,3,0,3
Rome,41.9027835,12.4963655,Italy,16,3,0,0
Quezon City,14.6760413,121.0437003,Philippines,21,3,1,1
South Australia,-30.0002315,136.2091547,Australia,11,2,0,0
Ontario,51.253775,-85.323214,Canada,13,2,0,0
Moscow,55.755826,37.6172999,Russia,21,2,0,2
Madrid,40.4167754,-3.7037902,Spain,24,2,0,2
Illinois,40.6331249,-89.3985283,US,18,2,0,2
California,36.778261,-119.4179324,US,12,2,0,0
California,36.778261,-119.4179324,US,22,2,0,0
California,36.778261,-119.4179324,US,12,2,0,0
Brussels,50.8503463,4.3517211,Belgium,13,1,0,0
Phnom Penh,11.5563738,104.9282099,Cambodia,21,1,0,1
Ontario,51.253775,-85.323214,Canada,21,1,0,1
Cairo,30.0444196,31.2357116,Egypt,23,1,0,0
Helsinki,60.1698557,24.9383791,Finland,21,1,0,1
Tibet,30.1533605,88.7878678,China,21,1,0,1
Kathmandu,27.7172453,85.3239605,Nepal,21,1,0,1
Colombo,6.9270786,79.861243,Sri Lanka,17,1,0,1
Stockholm,59.3293235,18.0685808,Sweden,10,1,0,0
Massachusetts,42.4072107,-71.3824374,US,10,1,0,0
California,36.778261,-119.4179324,US,10,1,0,0
Wisconsin,43.7844397,-88.7878678,US,14,1,0,0
California,36.778261,-119.4179324,US,10,1,0,0
Texas,31.9685988,-99.9018131,US,22,1,0,0
Washington,47.7510741,-120.7401385,US,18,1,0,1
Arizona,34.0489281,-111.0937311,US,10,1,0,0
Guangdong,23.3790333,113.7632828,China,26,1322,4,524
Henan,34.2904302,113.3823545,China,26,1246,16,509
Zhejiang,29.1416432,119.7889248,China,26,1171,0,507
Hunan,27.6252995,111.8568586,China,26,1006,3,498
Anhui,30.6006773,117.9249002,China,26,973,6,280
Jiangxi,27.0874564,114.9042208,China,26,930,1,275
Jiangsu,33.1401715,119.7889248,China,26,626,0,258
Chongqing,29.4315861,106.912251,China,26,553,5,225
Shandong,35.8939566,117.9249002,China,26,541,2,191
Sichuan,30.2638032,102.8054753,China,26,495,3,156
Heilongjiang,47.1216472,128.738231,China,26,457,11,85
Beijing,39.9041999,116.4073963,China,26,381,4,114
Shanghai,31.230416,121.473701,China,26,333,1,161
Hebei,37.8956594,114.9042208,China,26,301,3,122
Fujian,26.4836842,117.9249002,China,26,290,0,90
Shaanxi,35.3939908,109.1880047,China,26,240,0,79
Guangxi,23.7247599,108.8076195,China,26,238,2,53
Yunnan,24.4752847,101.3431058,China,26,171,0,47
Hainan,19.5663947,109.949686,China,26,163,4,59
Guizhou,26.8429645,107.2902839,China,26,146,1,57
Shanxi,37.2425649,111.8568586,China,26,130,0,53
Tianjin,39.3433574,117.3616476,China,26,125,3,46
Liaoning,41.9436543,122.5290376,China,26,121,1,43
Gansu,35.7518326,104.2861116,China,26,91,2,58
Jilin,43.837883,126.549572,China,26,89,1,34
Singapore,1.352083,103.819836,Singapore,26,77,0,24
Xinjiang,42.5246357,87.5395855,China,26,75,1,12
Inner Mongolia,43.37822,115.0594815,China,26,72,0,8
Ningxia,37.198731,106.1580937,China,26,70,0,35
Tokyo,35.6803997,139.7690174,Japan,26,66,1,12
Hong Kong,22.3193039,114.1693611,Hong Kong,26,60,1,2
Bangkok,13.7563309,100.5017651,Thailand,26,35,0,15
Seoul,37.566535,126.9779692,South Korea,26,30,0,10
Kuala Lumpur,3.139003,101.686855,Malaysia,24,22,0,7
Taiwan,23.69781,120.960515,Taiwan,26,22,1,2
Qinghai,35.744798,96.4077358,China,24,18,0,13
Berlin,52.5200066,13.404954,Germany,22,16,0,1
Ho Chi Minh City,10.8230989,106.6296638,Vietnam,22,16,0,7
Paris,48.856614,2.3522219,France,24,12,1,4
Macau,22.198745,113.543873,Macau,25,10,0,5
Manchester,53.4807593,-2.2426305,UK,25,9,0,8
Dubai,25.2048493,55.2707828,United Arab Emirates,25,9,0,4
Queensland,-20.9175738,142.7027956,Australia,18,5,0,0
British Columbia,53.7266683,-127.6476205,Canada,26,5,0,0
New South Wales,-31.2532183,146.921099,Australia,22,4,0,4
Victoria,28.8052674,-97.0035982,Australia,22,4,0,4
Mumbai,19.0759837,72.8776559,India,25,3,0,3
Rome,41.9027835,12.4963655,Italy,16,3,0,0
Quezon City,14.6760413,121.0437003,Philippines,21,3,1,1
South Australia,-30.0002315,136.2091547,Australia,26,2,0,2
Ontario,51.253775,-85.323214,Canada,13,2,0,0
Moscow,55.755826,37.6172999,Russia,21,2,0,2
Madrid,40.4167754,-3.7037902,Spain,24,2,0,2
Illinois,40.6331249,-89.3985283,US,18,2,0,2
California,36.778261,-119.4179324,US,12,2,0,0
California,36.778261,-119.4179324,US,22,2,0,0
California,36.778261,-119.4179324,US,12,2,0,0
Brussels,50.8503463,4.3517211,Belgium,26,1,0,1
Phnom Penh,11.5563738,104.9282099,Cambodia,21,1,0,1
Ontario,51.253775,-85.323214,Canada,21,1,0,1
Cairo,30.0444196,31.2357116,Egypt,23,1,0,0
Helsinki,60.1698557,24.9383791,Finland,21,1,0,1
Tibet,30.1533605,88.7878678,China,21,1,0,1
Kathmandu,27.7172453,85.3239605,Nepal,21,1,0,1
Colombo,6.9270786,79.861243,Sri Lanka,17,1,0,1
Stockholm,59.3293235,18.0685808,Sweden,10,1,0,0
Massachusetts,42.4072107,-71.3824374,US,10,1,0,0
California,36.778261,-119.4179324,US,10,1,0,0
Wisconsin,43.7844397,-88.7878678,US,14,1,0,0
California,36.778261,-119.4179324,US,10,1,0,0
Texas,31.9685988,-99.9018131,US,22,1,0,0
Washington,47.7510741,-120.7401385,US,18,1,0,1
Arizona,34.0489281,-111.0937311,US,10,1,0,0
Guangdong,23.3790333,113.7632828,China,27,1328,4,565
Henan,34.2904302,113.3823545,China,27,1257,19,522
Zhejiang,29.1416432,119.7889248,China,27,1172,0,535
Hunan,27.6252995,111.8568586,China,27,1007,4,527
Anhui,30.6006773,117.9249002,China,27,982,6,361
Jiangxi,27.0874564,114.9042208,China,27,933,1,310
Jiangsu,33.1401715,119.7889248,China,27,629,0,280
Chongqing,29.4315861,106.912251,China,27,555,5,254
Shandong,35.8939566,117.9249002,China,27,543,3,211
Sichuan,30.2638032,102.8054753,China,27,508,3,169
Heilongjiang,47.1216472,128.738231,China,27,464,11,111
Beijing,39.9041999,116.4073963,China,27,387,4,122
Shanghai,31.230416,121.473701,China,27,333,1,177
Hebei,37.8956594,114.9042208,China,27,306,4,136
Fujian,26.4836842,117.9249002,China,27,292,0,93
Guangxi,23.7247599,108.8076195,China,27,242,2,69
Shaanxi,35.3939908,109.1880047,China,27,240,0,89
Yunnan,24.4752847,101.3431058,China,27,172,0,57
Hainan,19.5663947,109.949686,China,27,163,4,79
Guizhou,26.8429645,107.2902839,China,27,146,2,66
Shanxi,37.2425649,111.8568586,China,27,131,0,61
Tianjin,39.3433574,117.3616476,China,27,128,3,48
Liaoning,41.9436543,122.5290376,China,27,121,1,53
Gansu,35.7518326,104.2861116,China,27,91,2,62
Jilin,43.837883,126.549572,China,27,89,1,36
Singapore,1.352083,103.819836,Singapore,27,81,0,29
Xinjiang,42.5246357,87.5395855,China,27,76,1,12
Tokyo,35.6803997,139.7690174,Japan,27,74,1,13
Inner Mongolia,43.37822,115.0594815,China,27,73,0,8
Ningxia,37.198731,106.1580937,China,27,70,0,42
Hong Kong,22.3193039,114.1693611,Hong Kong,27,62,1,2
Bangkok,13.7563309,100.5017651,Thailand,26,35,0,15
Seoul,37.566535,126.9779692,South Korea,27,31,0,12
Kuala Lumpur,3.139003,101.686855,Malaysia,27,22,0,13
Taiwan,23.69781,120.960515,Taiwan,26,22,1,2
Qinghai,35.744798,96.4077358,China,27,18,0,15
Berlin,52.5200066,13.404954,Germany,27,16,0,12
Ho Chi Minh City,10.8230989,106.6296638,Vietnam,22,16,0,7
Paris,48.856614,2.3522219,France,24,12,1,4
Macau,22.198745,113.543873,Macau,25,10,0,5
Manchester,53.4807593,-2.2426305,UK,25,9,0,8
Dubai,25.2048493,55.2707828,United Arab Emirates,25,9,0,4
Queensland,-20.9175738,142.7027956,Australia,18,5,0,0
British Columbia,53.7266683,-127.6476205,Canada,26,5,0,0
New South Wales,-31.2532183,146.921099,Australia,22,4,0,4
Victoria,28.8052674,-97.0035982,Australia,22,4,0,4
Mumbai,19.0759837,72.8776559,India,25,3,0,3
Rome,41.9027835,12.4963655,Italy,16,3,0,0
Quezon City,14.6760413,121.0437003,Philippines,21,3,1,1
South Australia,-30.0002315,136.2091547,Australia,26,2,0,2
Ontario,51.253775,-85.323214,Canada,13,2,0,0
Moscow,55.755826,37.6172999,Russia,21,2,0,2
Madrid,40.4167754,-3.7037902,Spain,24,2,0,2
Illinois,40.6331249,-89.3985283,US,18,2,0,2
California,36.778261,-119.4179324,US,12,2,0,0
California,36.778261,-119.4179324,US,22,2,0,0
California,36.778261,-119.4179324,US,12,2,0,0
Brussels,50.8503463,4.3517211,Belgium,26,1,0,1
Phnom Penh,11.5563738,104.9282099,Cambodia,21,1,0,1
Ontario,51.253775,-85.323214,Canada,21,1,0,1
Cairo,30.0444196,31.2357116,Egypt,23,1,0,0
Helsinki,60.1698557,24.9383791,Finland,21,1,0,1
Tibet,30.1533605,88.7878678,China,21,1,0,1
Kathmandu,27.7172453,85.3239605,Nepal,21,1,0,1
Colombo,6.9270786,79.861243,Sri Lanka,17,1,0,1
Stockholm,59.3293235,18.0685808,Sweden,10,1,0,0
Massachusetts,42.4072107,-71.3824374,US,10,1,0,0
California,36.778261,-119.4179324,US,10,1,0,0
Wisconsin,43.7844397,-88.7878678,US,14,1,0,0
California,36.778261,-119.4179324,US,10,1,0,0
Texas,31.9685988,-99.9018131,US,22,1,0,0
Washington,47.7510741,-120.7401385,US,18,1,0,1
Arizona,34.0489281,-111.0937311,US,10,1,0,0
Guangdong,23.3790333,113.7632828,China,28,1331,5,606
Henan,34.2904302,113.3823545,China,28,1262,19,573
Zhejiang,29.1416432,119.7889248,China,28,1174,0,604
Hunan,27.6252995,111.8568586,China,28,1008,4,561
Anhui,30.6006773,117.9249002,China,28,986,6,413
Jiangxi,27.0874564,114.9042208,China,28,934,1,362
Jiangsu,33.1401715,119.7889248,China,28,631,0,318
Chongqing,29.4315861,106.912251,China,28,560,5,274
Shandong,35.8939566,117.9249002,China,28,544,3,231
Sichuan,30.2638032,102.8054753,China,28,514,3,188
Heilongjiang,47.1216472,128.738231,China,28,470,12,120
Beijing,39.9041999,116.4073963,China,28,393,4,145
Shanghai,31.230416,121.473701,China,28,333,2,186
Hebei,37.8956594,114.9042208,China,28,306,4,152
Fujian,26.4836842,117.9249002,China,28,293,0,112
Guangxi,23.7247599,108.8076195,China,28,244,2,86
Shaanxi,35.3939908,109.1880047,China,28,242,0,102
Yunnan,24.4752847,101.3431058,China,28,172,1,60
Hainan,19.5663947,109.949686,China,28,168,4,84
Guizhou,26.8429645,107.2902839,China,28,146,2,70
Shanxi,37.2425649,111.8568586,China,28,131,0,68
Tianjin,39.3433574,117.3616476,China,28,130,3,54
Liaoning,41.9436543,122.5290376,China,28,121,1,55
Gansu,35.7518326,104.2861116,China,28,91,2,65
Jilin,43.837883,126.549572,China,28,90,1,37
Tokyo,35.6803997,139.7690174,Japan,28,84,1,18
Singapore,1.352083,103.819836,Singapore,28,84,0,34
Xinjiang,42.5246357,87.5395855,China,28,76,1,20
Inner Mongolia,43.37822,115.0594815,China,28,75,0,10
Ningxia,37.198731,106.1580937,China,28,71,0,42
Hong Kong,22.3193039,114.1693611,Hong Kong,28,63,2,5
Bangkok,13.7563309,100.5017651,Thailand,26,35,0,15
Seoul,37.566535,126.9779692,South Korea,27,31,0,12
Taiwan,23.69781,120.960515,Taiwan,28,23,1,2
Kuala Lumpur,3.139003,101.686855,Malaysia,28,22,0,15
Qinghai,35.744798,96.4077358,China,28,18,0,16
Berlin,52.5200066,13.404954,Germany,27,16,0,12
Ho Chi Minh City,10.8230989,106.6296638,Vietnam,22,16,0,7
Paris,48.856614,2.3522219,France,24,12,1,4
Macau,22.198745,113.543873,Macau,25,10,0,5
Manchester,53.4807593,-2.2426305,UK,25,9,0,8
Dubai,25.2048493,55.2707828,United Arab Emirates,25,9,0,4
Queensland,-20.9175738,142.7027956,Australia,18,5,0,0
British Columbia,53.7266683,-127.6476205,Canada,26,5,0,0
New South Wales,-31.2532183,146.921099,Australia,22,4,0,4
Victoria,28.8052674,-97.0035982,Australia,22,4,0,4
Mumbai,19.0759837,72.8776559,India,25,3,0,3
Rome,41.9027835,12.4963655,Italy,16,3,0,0
Quezon City,14.6760413,121.0437003,Philippines,21,3,1,1
South Australia,-30.0002315,136.2091547,Australia,26,2,0,2
Ontario,51.253775,-85.323214,Canada,13,2,0,0
Tehran,35.6891975,51.3889736,Iran,28,2,2,0
Moscow,55.755826,37.6172999,Russia,21,2,0,2
Madrid,40.4167754,-3.7037902,Spain,24,2,0,2
Illinois,40.6331249,-89.3985283,US,18,2,0,2
California,36.778261,-119.4179324,US,12,2,0,0
California,36.778261,-119.4179324,US,22,2,0,0
California,36.778261,-119.4179324,US,12,2,0,0
Brussels,50.8503463,4.3517211,Belgium,26,1,0,1
Phnom Penh,11.5563738,104.9282099,Cambodia,21,1,0,1
Ontario,51.253775,-85.323214,Canada,21,1,0,1
Cairo,30.0444196,31.2357116,Egypt,23,1,0,0
Helsinki,60.1698557,24.9383791,Finland,21,1,0,1
Tibet,30.1533605,88.7878678,China,21,1,0,1
Kathmandu,27.7172453,85.3239605,Nepal,21,1,0,1
Colombo,6.9270786,79.861243,Sri Lanka,17,1,0,1
Stockholm,59.3293235,18.0685808,Sweden,10,1,0,0
Massachusetts,42.4072107,-71.3824374,US,10,1,0,0
California,36.778261,-119.4179324,US,10,1,0,0
Wisconsin,43.7844397,-88.7878678,US,14,1,0,0
California,36.778261,-119.4179324,US,10,1,0,0
Texas,31.9685988,-99.9018131,US,22,1,0,0
Washington,47.7510741,-120.7401385,US,18,1,0,1
Arizona,34.0489281,-111.0937311,US,10,1,0,0
Guangdong,23.3790333,113.7632828,China,29,1332,5,642
Henan,34.2904302,113.3823545,China,29,1265,19,637
Zhejiang,29.1416432,119.7889248,China,29,1175,1,633
Hunan,27.6252995,111.8568586,China,29,1010,4,634
Anhui,30.6006773,117.9249002,China,29,987,6,474
Jiangxi,27.0874564,114.9042208,China,29,934,1,433
Jiangsu,33.1401715,119.7889248,China,29,631,0,356
Chongqing,29.4315861,106.912251,China,29,567,6,299
Shandong,35.8939566,117.9249002,China,29,546,4,254
Sichuan,30.2638032,102.8054753,China,29,520,3,217
Heilongjiang,47.1216472,128.738231,China,29,476,12,136
Beijing,39.9041999,116.4073963,China,29,395,4,153
Shanghai,31.230416,121.473701,China,29,334,2,199
Hebei,37.8956594,114.9042208,China,29,307,5,169
Fujian,26.4836842,117.9249002,China,29,293,1,126
Guangxi,23.7247599,108.8076195,China,29,245,2,90
Shaanxi,35.3939908,109.1880047,China,29,245,1,118
Yunnan,24.4752847,101.3431058,China,29,174,2,79
Hainan,19.5663947,109.949686,China,29,168,4,86
Guizhou,26.8429645,107.2902839,China,29,146,2,72
Shanxi,37.2425649,111.8568586,China,29,132,0,76
Tianjin,39.3433574,117.3616476,China,29,131,3,59
Liaoning,41.9436543,122.5290376,China,29,121,1,59
Seoul,37.566535,126.9779692,South Korea,29,104,1,16
Tokyo,35.6803997,139.7690174,Japan,29,94,1,18
Gansu,35.7518326,104.2861116,China,29,91,2,71
Jilin,43.837883,126.549572,China,29,91,1,43
Singapore,1.352083,103.819836,Singapore,28,84,0,34
Xinjiang,42.5246357,87.5395855,China,29,76,1,22
Inner Mongolia,43.37822,115.0594815,China,29,75,0,16
Ningxia,37.198731,106.1580937,China,29,71,0,44
Hong Kong,22.3193039,114.1693611,Hong Kong,29,68,2,6
Bangkok,13.7563309,100.5017651,Thailand,26,35,0,15
Taiwan,23.69781,120.960515,Taiwan,29,24,1,2
Kuala Lumpur,3.139003,101.686855,Malaysia,28,22,0,15
Qinghai,35.744798,96.4077358,China,28,18,0,16
Berlin,52.5200066,13.404954,Germany,27,16,0,12
Ho Chi Minh City,10.8230989,106.6296638,Vietnam,22,16,0,7
Paris,48.856614,2.3522219,France,24,12,1,4
Macau,22.198745,113.543873,Macau,29,10,0,6
Manchester,53.4807593,-2.2426305,UK,25,9,0,8
Dubai,25.2048493,55.2707828,United Arab Emirates,25,9,0,4
Queensland,-20.9175738,142.7027956,Australia,18,5,0,0
British Columbia,53.7266683,-127.6476205,Canada,26,5,0,0
Tehran,35.6891975,51.3889736,Iran,29,5,2,0
New South Wales,-31.2532183,146.921099,Australia,22,4,0,4
Victoria,28.8052674,-97.0035982,Australia,22,4,0,4
Mumbai,19.0759837,72.8776559,India,25,3,0,3
Rome,41.9027835,12.4963655,Italy,16,3,0,0
Quezon City,14.6760413,121.0437003,Philippines,21,3,1,1
South Australia,-30.0002315,136.2091547,Australia,26,2,0,2
Ontario,51.253775,-85.323214,Canada,13,2,0,0
Moscow,55.755826,37.6172999,Russia,21,2,0,2
Madrid,40.4167754,-3.7037902,Spain,24,2,0,2
Illinois,40.6331249,-89.3985283,US,18,2,0,2
California,36.778261,-119.4179324,US,12,2,0,0
California,36.778261,-119.4179324,US,22,2,0,0
California,36.778261,-119.4179324,US,12,2,0,0
Brussels,50.8503463,4.3517211,Belgium,26,1,0,1
Phnom Penh,11.5563738,104.9282099,Cambodia,21,1,0,1
Ontario,51.253775,-85.323214,Canada,21,1,0,1
Cairo,30.0444196,31.2357116,Egypt,23,1,0,0
Helsinki,60.1698557,24.9383791,Finland,21,1,0,1
Tibet,30.1533605,88.7878678,China,21,1,0,1
Kathmandu,27.7172453,85.3239605,Nepal,21,1,0,1
Colombo,6.9270786,79.861243,Sri Lanka,17,1,0,1
Stockholm,59.3293235,18.0685808,Sweden,10,1,0,0
Massachusetts,42.4072107,-71.3824374,US,10,1,0,0
California,36.778261,-119.4179324,US,10,1,0,0
Wisconsin,43.7844397,-88.7878678,US,14,1,0,0
California,36.778261,-119.4179324,US,10,1,0,0
Texas,31.9685988,-99.9018131,US,22,1,0,0
Washington,47.7510741,-120.7401385,US,18,1,0,1
Arizona,34.0489281,-111.0937311,US,10,1,0,0
Guangdong,23.3790333,113.7632828,China,30,1333,5,690
Henan,34.2904302,113.3823545,China,30,1267,19,736
Zhejiang,29.1416432,119.7889248,China,30,1203,1,679
Hunan,27.6252995,111.8568586,China,30,1011,4,661
Anhui,30.6006773,117.9249002,China,30,988,6,539
Jiangxi,27.0874564,114.9042208,China,30,934,1,489
Shandong,35.8939566,117.9249002,China,30,749,4,281
Jiangsu,33.1401715,119.7889248,China,30,631,0,373
Chongqing,29.4315861,106.912251,China,30,572,6,316
Sichuan,30.2638032,102.8054753,China,30,525,3,231
Heilongjiang,47.1216472,128.738231,China,30,479,12,175
Beijing,39.9041999,116.4073963,China,30,396,4,169
Shanghai,31.230416,121.473701,China,30,334,2,211
Hebei,37.8956594,114.9042208,China,30,308,5,184
Fujian,26.4836842,117.9249002,China,30,293,1,149
Guangxi,23.7247599,108.8076195,China,30,246,2,97
Shaanxi,35.3939908,109.1880047,China,30,245,1,134
Seoul,37.566535,126.9779692,South Korea,30,204,2,16
Yunnan,24.4752847,101.3431058,China,30,174,2,96
Hainan,19.5663947,109.949686,China,30,168,4,95
Guizhou,26.8429645,107.2902839,China,30,146,2,77
Shanxi,37.2425649,111.8568586,China,30,132,0,78
Tianjin,39.3433574,117.3616476,China,30,132,3,62
Liaoning,41.9436543,122.5290376,China,30,121,1,61
Tokyo,35.6803997,139.7690174,Japan,30,105,1,22
Gansu,35.7518326,104.2861116,China,30,91,2,76
Jilin,43.837883,126.549572,China,30,91,1,45
Singapore,1.352083,103.819836,Singapore,30,85,0,37
Xinjiang,42.5246357,87.5395855,China,30,76,1,24
Inner Mongolia,43.37822,115.0594815,China,30,75,0,17
Ningxia,37.198731,106.1580937,China,30,71,0,48
Hong Kong,22.3193039,114.1693611,Hong Kong,30,68,2,5
Bangkok,13.7563309,100.5017651,Thailand,30,35,0,17
Taiwan,23.69781,120.960515,Taiwan,30,26,1,2
Kuala Lumpur,3.139003,101.686855,Malaysia,28,22,0,15
Rome,41.9027835,12.4963655,Italy,30,20,1,0
Tehran,35.6891975,51.3889736,Iran,30,18,4,0
Qinghai,35.744798,96.4077358,China,30,18,0,18
Berlin,52.5200066,13.404954,Germany,30,16,0,14
Ho Chi Minh City,10.8230989,106.6296638,Vietnam,30,16,0,14
Paris,48.856614,2.3522219,France,24,12,1,4
Nebraska,41.4925374,-99.9018131,US,30,11,0,0
Macau,22.198745,113.543873,Macau,29,10,0,6
Manchester,53.4807593,-2.2426305,UK,25,9,0,8
Dubai,25.2048493,55.2707828,United Arab Emirates,25,9,0,4
British Columbia,53.7266683,-127.6476205,Canada,30,6,0,0
Queensland,-20.9175738,142.7027956,Australia,30,5,0,1
California,36.778261,-119.4179324,US,30,5,0,0
New South Wales,-31.2532183,146.921099,Australia,22,4,0,4
Victoria,28.8052674,-97.0035982,Australia,22,4,0,4
Mumbai,19.0759837,72.8776559,India,25,3,0,3
Quezon City,14.6760413,121.0437003,Philippines,21,3,1,1
South Australia,-30.0002315,136.2091547,Australia,26,2,0,2
Ontario,51.253775,-85.323214,Canada,30,2,0,2
Moscow,55.755826,37.6172999,Russia,21,2,0,2
Madrid,40.4167754,-3.7037902,Spain,24,2,0,2
Illinois,40.6331249,-89.3985283,US,18,2,0,2
Texas,31.9685988,-99.9018131,US,30,2,0,0
California,36.778261,-119.4179324,US,12,2,0,0
California,36.778261,-119.4179324,US,30,2,0,1
California,36.778261,-119.4179324,US,30,2,0,1
Brussels,50.8503463,4.3517211,Belgium,26,1,0,1
Phnom Penh,11.5563738,104.9282099,Cambodia,21,1,0,1
Ontario,51.253775,-85.323214,Canada,21,1,0,1
Cairo,30.0444196,31.2357116,Egypt,30,1,0,0
Helsinki,60.1698557,24.9383791,Finland,21,1,0,1
Beirut,33.8937913,35.5017767,Lebanon,30,1,0,0
Tibet,30.1533605,88.7878678,China,21,1,0,1
Kathmandu,27.7172453,85.3239605,Nepal,21,1,0,1
Colombo,6.9270786,79.861243,Sri Lanka,17,1,0,1
Stockholm,59.3293235,18.0685808,Sweden,10,1,0,0
Massachusetts,42.4072107,-71.3824374,US,10,1,0,0
California,36.778261,-119.4179324,US,30,1,0,0
California,36.778261,-119.4179324,US,10,1,0,0
Wisconsin,43.7844397,-88.7878678,US,14,1,0,0
California,36.778261,-119.4179324,US,10,1,0,0
California,36.778261,-119.4179324,US,30,1,0,0
Texas,31.9685988,-99.9018131,US,22,1,0,0
Washington,47.7510741,-120.7401385,US,18,1,0,1
Arizona,34.0489281,-111.0937311,US,10,1,0,0
